sr,exam_date,exam_name,dms_code,updated_venue_name
1,6/14/2024,MUDRA,EST-WB-1430,KOLKATA - EST-WB-1430-NXTERA SERVICES PRIVATE LIMITED
2,6/14/2024,MUDRA,NR2-PB-4502,JALANDHAR - NR2-PB-4502-DAV INSTITUTE OF ENGINEERING AND TECHNOLOGY
3,6/14/2024,MUDRA,STH-AP-5696,KAKINADA - STH-AP-5696-SOFT TECHNOLOGIES
4,6/14/2024,MUDRA,STH-TS-5727,HYDERABAD - STH-TS-5727-THE INSTITUTION OF ELECTRONICS AND TELECOMMUNICATION ENGINEERS-IETE
5,6/14/2024,MUDRA,WST-MH-2235,PUNE - WST-MH-2235-VISHWAKARMA COLLEGE OF ARTS COMMERCE AND SCIENCE-VIIT
6,6/16/2024,IBIS JA,NR1-BR-3234,MOTIHARI - NR1-BR-3234-ARUSH ANAND INFOTECH
7,6/16/2024,IBIS JA,NR2-HR-4592,ROHTAK - NR2-HR-4592-DM ONLINE EXAMINATION CENTER
8,6/16/2024,IBIS JA,NR2-JK-4488,JAMMU - NR2-JK-4488-DIGITAL COMPUTER EDUCATION
9,6/16/2024,IBIS JA,NR2-PB-4501,JALANDHAR - NR2-PB-4501-TRINITY COLLEGE
10,6/16/2024,MUDRA,STH-KA-5034,BANGALORE - STH-KA-5034- E MERIT - RT NAGAR
11,6/16/2024,MUDRA,WST-GJ-2030,AHMEDABAD - WST-GJ-2030-ALL INDIA INSTITUTE OF LOCAL SELF GOVERNMENT-AHMEDABAD
12,6/21/2024,MUDRA,STH-KA-5035,BANGALORE - E PAREEKSHA
13,6/21/2024,MUDRA,WST-CG-2500,RAIGARH CG - UTTAM MEMORIAL COLLEGE
14,6/21/2024,MUDRA,WST-MH-2243,THANE - MBC-THANE
15,6/21/2024,MUDRA,WST-MH-2745,THANE - MBC-THANE
16,6/22/2024,IBIS JA,NR1-BR-3234,MOTIHARI - NR1-BR-3234-ARUSH ANAND INFOTECH
17,6/22/2024,IBIS JA,NR2-CH-1489,CHANDIGARH - NR2-CH-1489-GSS INTERNATIONAL PUBLIC SCHOOL
18,6/22/2024,IBIS JA,NR2-DL-4519,NEW DELHI - NR2-DL-4519-NEW OXFORD PUBLIC SCHOOL_1
19,6/22/2024,IBIS JA,NR2-DL-4519,NEW DELHI - NR2-DL-4519-NEW OXFORD PUBLIC SCHOOL-1
20,6/22/2024,IBIS JA,NR2-HR-4592,ROHTAK - NR2-HR-4592-DM ONLINE EXAMINATION CENTER
21,6/22/2024,IBIS JA,WST-MH-2464,MUMBAI - WST-MH-2464-BABASAHEB GAWDE INSTITUTE OF TECHNOLOGY
22,6/23/2024,BHARAT,WST-MH-2664,NAVI MUMBAI - WST-MH-2664-BHARATI VIDYAPEETH DEEMED TO BE UNIVERSITY DEPARTMENT OF ENGIN AND TECH
23,6/23/2024,BHARAT,WST-MH-2746,PUNE - WST-MH-2746-AJEENKYA DY PATIL COLLEGE OF ENGINEERING
24,6/23/2024,BHARAT,WST-MH-2750,PUNE - WST-MH-2750-NOVA CONSULTANCY SERVICES_2
25,6/23/2024,BHARAT,WST-MH-2750,PUNE - WST-MH-2750-NOVA CONSULTANCY SERVICES_1
26,6/23/2024,BHARAT,WST-MH-2750,PUNE - WST-MH-2750-NOVA CONSULTANCY SERVICES-2
27,6/23/2024,BHARAT,WST-MH-2750,PUNE - WST-MH-2750-NOVA CONSULTANCY SERVICES-1
28,6/29/2024,NARMADA ICAR,NR1-UP-3516,NOIDA - NR1-UP-3516-NTA EXAM CENTRE_A1
29,6/29/2024,NARMADA ICAR,NR1-UP-3516,NOIDA - NR1-UP-3516-NTA EXAM CENTRE-A1
30,6/29/2024,NARMADA ICAR,NR2-UK-4483,DEHRADUN - NR2-UK-4483-INSTITUTE OF TECHNOLOGY AND MANAGEMENT
31,6/29/2024,NARMADA ICAR,STH-AP-5022,VIJAYAWADA - STH-AP-5022-LAXMI BALAJI COMPUTERS
32,6/29/2024,NARMADA ICAR,WST-MH-2207,JALGAON - WST-MH-2207-KCES COLLEGE OF ENGINEERING AND MANAGEMENT
33,6/29/2024,NARMADA ICAR,WST-MP-2147,JABALPUR - WST-MP-2147-LAKSHMI NARAIN COLLEGE OF TECHNOLOGY-LNCT_1
34,6/29/2024,NARMADA ICAR,WST-MP-2147,JABALPUR - WST-MP-2147-LAKSHMI NARAIN COLLEGE OF TECHNOLOGY-LNCT-1
35,6/30/2024,BHARAT,EST-WB-1445,KOLKATA - EST-WB-1445-NSEIT LIMITED - KOLKATA
36,6/30/2024,BHARAT,STH-TN-5856,CHENNAI - STH-TN-5856-NSEIT LIMITED - CHENNAI
37,6/30/2024,BHARAT,WST-MH-2684,MUMBAI - WST-MH-2684-NSEIT LIMITED NA MUMBAI
38,6/30/2024,BHARAT,WST-MH-2710,PUNE - WST-MH-2710-BHARATI VIDYAPEETH DEEMED TO BE UNIVERSITY INST OF MANAG AND ENTREPRE DEVE
39,7/1/2024,MUDRA,NR1-UP-3552,MEERUT - NR1-UP-3552-NSEIT LIMITED - MEERUT
40,7/1/2024,MUDRA,NR2-HR-4098,GURUGRAM - NR2-HR-4098-DPG DEGREE COLLEGE - BLOCK-D
41,7/1/2024,MUDRA,WST-GJ-2581,SURAT - WST-GJ-2581-NSEIT LIMITED - SURAT
42,7/1/2024,MUDRA,WST-MH-2243,THANE - WST-MH-2243-MBC-THANE
43,7/7/2024,IBIS CA,NR1-BR-3017,DARBHANGA - NR1-BR-3017-MANGLAM INFOSOL
44,7/7/2024,IBIS CA,NR1-BR-3590,PATNA - NR1-BR-3590-MANGAL MURTI ONLINE EXAMINATION
45,7/7/2024,IBIS CA,NR2-CH-1489,CHANDIGARH - NR2-CH-1489-GSS INTERNATIONAL PUBLIC SCHOOL
46,7/7/2024,IBIS CA,NR2-HR-4592,ROHTAK - NR2-HR-4592-DM ONLINE EXAMINATION CENTER
47,7/7/2024,IBIS CA,NR2-PB-4512,PATIALA - NR2-PB-4512-SHRI GURU HARKISHAN COLLEGE OF MGT AND TECH ONLINE EXAMINATION CENTRE
48,7/7/2024,SILVER,STH-AP-5014,KURNOOL - STH-AP-5014-SANDEEPANI EDUCATIONAL SOCIETY
49,7/9/2024,SHIKHAR ATS,EST-JH-1044,JAMSHEDPUR - EST-JH-1044-DBMS CAREER ACEDEMY
50,7/9/2024,SHIKHAR ATS,EST-JH-1403,BOKARO - EST-JH-1403-RR TECHNOLOGY
51,7/9/2024,SHIKHAR ATS,EST-WB-1420,KOLKATA - EST-WB-1420-TALENIQ TECHNOLOGIES PVT LTD
52,7/9/2024,SHIKHAR ATS,NR2-HR-4098,GURUGRAM - NR2-HR-4098-DPG DEGREE COLLEGE-BLOCK-D
53,7/9/2024,SHIKHAR ATS,STH-TN-5853,CHENNAI - STH-TN-5853-MOHAMMED SATHAK AJ COLLEGE OF ENGINEERING
54,7/10/2024,NARMADA NCET,NR1-BR-3627,PATNA - NR1-BR-3627-HAANSA EDUCOM PRIVATE LIMITED
55,7/10/2024,NARMADA NCET,NR2-CH-4281,CHANDIGARH - NR2-CH-4281-CHANDIGARH UNIVERSITY_2
56,7/10/2024,NARMADA NCET,NR2-CH-4281,CHANDIGARH - NR2-CH-4281-CHANDIGARH UNIVERSITY-2
57,7/10/2024,NARMADA NCET,NR2-PB-4505,CHANDIGARH - NR2-PB-4505-DELHI WORLD PUBLIC SCHOOL_1
58,7/10/2024,NARMADA NCET,NR2-PB-4505,CHANDIGARH - NR2-PB-4505-DELHI WORLD PUBLIC SCHOOL-1
59,7/10/2024,NARMADA NCET,NR2-RJ-4513,KOTA - NR2-RJ-4513-GURUKUL INSTITUTE OF ENGINEERING AND TECHNOLOGY
60,7/10/2024,NARMADA NCET,STH-TN-5878,TIRUCHIRAPPALLI - STH-TN-5878-AGN INFOSYSTEM
61,7/13/2024,IBIS CA,NR1-BR-3002,ARRAH - NR1-BR-3002-ARANYA ONLINE SERVICES PVT LTD
62,7/13/2024,IBIS CA,NR1-BR-3017,DARBHANGA - NR1-BR-3017-MANGLAM INFOSOL
63,7/13/2024,IBIS CA,NR1-BR-3590,PATNA - NR1-BR-3590-MANGAL MURTI ONLINE EXAMINATION
64,7/13/2024,IBIS CA,NR2-CH-1489,CHANDIGARH - NR2-CH-1489-GSS INTERNATIONAL PUBLIC SCHOOL
65,7/13/2024,IBIS CA,WST-MH-2635,NAVI MUMBAI - WST-MH-2635-FATHER CONCEICAO RODRIGUES INSTITUTE OF TECHNOLOGY_2
66,7/13/2024,IBIS CA,WST-MH-2635,NAVI MUMBAI - WST-MH-2635-FATHER CONCEICAO RODRIGUES INSTITUTE OF TECHNOLOGY-2
67,7/14/2024,IBIS CA,NR1-BR-3002,ARRAH - NR1-BR-3002-ARANYA ONLINE SERVICES PVT LTD
68,7/14/2024,IBIS CA,NR1-BR-3017,DARBHANGA - NR1-BR-3017-MANGLAM INFOSOL
69,7/14/2024,IBIS CA,NR2-CH-1489,CHANDIGARH - NR2-CH-1489-GSS INTERNATIONAL PUBLIC SCHOOL
70,7/14/2024,IBIS CA,NR2-HR-4592,ROHTAK - NR2-HR-4592-DM ONLINE EXAMINATION CENTER
71,7/14/2024,IBIS CA,NR2-RJ-4518,BIKANER - NR2-RJ-4518-BIKANER INSTITUTE OF TECHNICAL STUDIES
72,7/20/2024,IBIS BCBF DRA,NR2-CH-1489,CHANDIGARH - NR2-CH-1489-G.S.S INTERNATIONAL PUBLIC SCHOOL ONLINE EXAMINATION CENTER
73,7/20/2024,IBIS BCBF DRA,NR2-PB-4378,LUDHIANA 0 NR20PB043780LUDHIANA TRADE CENTRE
74,7/20/2024,IBIS BCBF DRA,NR2-RJ-4494,JAIPUR 0 NR20RJ044940IRIS COLLEGE
75,7/20/2024,IBIS BCBF DRA,NR2-RJ-4577,AJMER 0 NR20RJ045770ADITYA POLYTECHNIC COLLEGE ONLINE EXAM CENTER
76,7/20/2024,IBIS BCBF DRA,STH-KA-5759,BENGALURU 0 STH0KA057590SRI VENKATESWARA COLLEGE OF ENGINEERING 0 BNGLR
77,7/21/2024,IBIS CA,NR1-UP-3255,AZAMGARH - NR1-UP-3255-MICROKING TRAINING AND RESEARCH ENGINEERING INSTITUTE
78,7/21/2024,IBIS CA,NR2-CH-1489,CHANDIGARH 0 NR20CH014890GSS INTERNATIONAL PUBLIC SCHOOL
79,7/21/2024,IBIS CA,NR2-PB-4512,PATIALA 0 NR20PB045120SHRI GURU HARKISHAN COLLEGE OF MGT AND TECH ONLINE EXAMINATION CENTRE
80,7/25/2024,NARMADA UGC CSIR,NR1-BR-3232,DARBHANGA 0 NR10BR032320EDUCA ONE
81,7/25/2024,NARMADA UGC CSIR,NR1-BR-3621,PATNA - NR1-BR-3621-ARADHYA ONLINE EXAMINATION CENTER
82,7/25/2024,NARMADA UGC CSIR,NR1-UP-3516,NOIDA 0 NR10UP035160NTA EXAM CENTRE 0C4
83,7/25/2024,NARMADA UGC CSIR,NR2-PB-4446,SANGRUR 0 NR20PB044460DIGITAL COMPUTING
84,7/25/2024,NARMADA UGC CSIR,WST-MP-2171,SAGAR 0 WST0MP021710ADINA INSTITUTE OF SCIENCE AND TECHNOLOGY
85,7/27/2024,IBIS CA,NR1-BR-3002,ARRAH 0 NR10BR030020ARANYA ONLINE SERVICES PVT LTD
86,7/27/2024,IBIS CA,NR1-BR-3017,DARBHANGA 0 NR10BR030170MANGLAM INFOSOL
87,7/27/2024,IBIS CA,NR1-BR-3213,BEGUSARAI 0 NR10BR032130JAY ONLINE SERVICES
88,7/27/2024,IBIS CA,NR1-UP-3588,GHAZIABAD 0 NR10UP035880DIAMOND PUBLIC SCHOOL
89,7/27/2024,IBIS CA,WST-GJ-2541,AHMEDABAD - WST-GJ-2541-KAVYARATNA INFO SERVICES_1
90,7/27/2024,IBIS CA,WST-GJ-2541,AHMEDABAD - WST-GJ-2541-KAVYARATNA INFO SERVICES-1
91,7/31/2024,MUDRA,NR2-DL-4526,DELHI NEW DELHI 0 NR20DL045260NSEIT LIMITED 0 NEW DELHI
92,7/31/2024,MUDRA,NR2-UP-3613,NOIDA 0 NR20UP036130NSEIT LIMITED 0 NOIDA
93,7/31/2024,MUDRA,WST-MH-2243,THANE - WST-MH-2243-MBC-THANE
94,7/31/2024,MUDRA,WST-MH-2684,MUMBAI 0 WST0MH026840NSEIT LIMITED 0 MUMBAI
95,7/31/2024,MUDRA,WST-MH-2766,VASAI 0 WST0MH027660SM ASSESSMENT CENTER
96,7/31/2024,SHIKHAR CITS,NR1-UP-3137,KANPUR NAGAR 0 NR10UP031370RCRD KANYA MAHAVIDYALAYA 0 1
97,7/31/2024,SHIKHAR CITS,NR2-CH-4283,CHANDIGARH 0 NR20CH042830VALIANT WEB WORLD
98,7/31/2024,SHIKHAR CITS,NR2-DL-4047,NEW DELHI 0 NR20DL040470RAPID ONLINE SOLUTIONS 0 2
99,7/31/2024,SHIKHAR CITS,NR2-HR-4109,KARNAL 0 NR20HR041090BUDDHA COLLEGE OF EDUCATION
100,7/31/2024,SHIKHAR CITS,NR2-RJ-4525,JAIPUR - NR2-RJ-4525-IT INFRA SERVICES
101,8/4/2024,IBIS DIP,EST-AS-1420,GUWAHATI NA ESTNAASNA1420NANSEIT LIMITED NA GUWAHATI
102,8/4/2024,IBIS DIP,NR2-UP-3613,NOIDA GAUTAM BUDH NAGAR NA NR2NAUPNA3613NANSEIT LIMITED NA NOIDA
103,8/4/2024,IBIS DIP,STH-KA-5754,BENGALURU NA STHNAKANA5754NAMILESTONE TECHNOLOGIES
104,8/4/2024,IBIS DIP,STH-KL-5744,THIRUVANANTHAPURAM NA STHNAKLNA5744NANSEIT LIMITED NA THIRUVANANTHAPURAM
105,8/4/2024,IBIS DIP,WST-MP-2585,INDORE NA WSTNAMPNA2585NANSEIT LIMITED NA INDORE
106,8/4/2024,SHIKHAR CITS,NR1-UP-3137,KANPUR NA NR1NAUPNA3137NARCRD KANYA MAHAVIDYALAYA NA 1
107,8/4/2024,SHIKHAR CITS,NR2-CH-4283,CHANDIGARH NA NR2NACHNA4283NAVALIANT WEB WORLD
108,8/4/2024,SHIKHAR CITS,NR2-DL-4039,DELHI NA NR2NADLNA4039NAMAFINGA ASSESSMENT CENTRE NA 2
109,8/4/2024,SHIKHAR CITS,NR2-RJ-4494,JAIPUR NA NR2NARJNA4494NAMAHATMA GANDHI COLLEGE OF PHARMACEUTICAL SCIENCES
110,8/4/2024,SHIKHAR CITS,NR2-RJ-4525,JAIPUR NA NR2NARJNA4525NAIT INFRA SERVICES
111,8/17/2024,IBIS BCBF DRA,EST-AS-1005,GUWAHATI - EST-AS-1NANA5-FUTURE TECH EDUCATION
112,8/17/2024,IBIS BCBF DRA,EST-WB-1434,DURGAPUR - EST-WB-1434-NSEIT LIMITED - DURGAPUR
113,8/17/2024,IBIS BCBF DRA,NR1-UP-3520,GORAKHPUR - NR1-UP-352NA-NKA DIGITAL CENTRE
114,8/17/2024,IBIS BCBF DRA,NR1-UP-3520,GORAKHPUR - NR1-UP-3520-NKA DIGITAL CENTRE
115,8/17/2024,IBIS BCBF DRA,NR2-CH-1489,CHANDIGARH - NR2-CH-1489-GSS INTERNATIONAL PUBLIC SCHOOL
116,8/17/2024,IBIS BCBF DRA,STH-KA-5035,BENGALURU - STH-KA-5NA35-E PAREEKSHA
117,8/18/2024,IBIS DIP,NR1-UP-3552,MEERUT - NR1-UP-3552-NSEIT LIMITED - MEERUT
118,8/18/2024,IBIS DIP,NR1-UP-3558,ALIGARH - NR1-UP-3558-NSEIT LIMITED - ALIGARH
119,8/18/2024,IBIS DIP,STH-TN-5859,TIRUCHIRAPPALLI - STH-TN-5859-NSEIT LIMITED - TRICHY
120,8/18/2024,IBIS DIP,STH-TS-5727,HYDERABAD - STH-TS-5727-THE INSTITUTION OF ELECTRONICS AND TELECOMMUNICATION ENGINEERS - IETE
121,8/18/2024,IBIS DIP,WST-MH-2684,MUMBAI - WST-MH-2684-NSEIT LIMITED - MUMBAI-ANDHERI
122,8/21/2024,MUDRA,STH-KA-5035,BANGALORE NA STHNAKANA5035NAE PAREEKSHA
123,8/21/2024,MUDRA,STH-KA-5139,CHENNAI NA STHNAKANA5139NAPRAGYA TECHNOLOGIES
124,8/21/2024,MUDRA,STH-TS-5727,HYDERABAD NA STHNATSNA5727NATHE INSTITUTION OF ELECTRONICS AND TELECOMMUNICATION ENGINEERSNAIETE
125,8/21/2024,MUDRA,WST-MH-2279,AHMEDNAGAR NA WSTNAMHNA2279NASUMAN I TALENT
126,8/21/2024,MUDRA,WST-MH-2763,THANE NA WSTNAMHNA2763NASUREKHA INFOTECH PRIVATE LIMITED
127,8/31/2024,MUDRA,EST-JH-1393,DHANBAD - EST-JH-1393-NSEIT LIMITED - DHANBAD
128,8/31/2024,MUDRA,NR2-DL-4047,DELHI NEW DELHI - NR2-DL-4NA47-RAPID ONLINE SOLUTIONS
129,8/31/2024,MUDRA,NR2-DL-4047,DELHI NEW DELHI - NR2-DL-4047-RAPID ONLINE SOLUTIONS
130,8/31/2024,MUDRA,STH-TS-5727,HYDERABAD - STH-TS-5727-THE INSTITUTION OF ELECTRONICS AND TELECOMMUNICATION ENGINEERS-IETE
131,8/31/2024,MUDRA,WST-GJ-2591,JAMNAGAR - WST-GJ-2591-NSEIT LIMITED - JAMNAGAR
132,8/31/2024,MUDRA,WST-MH-2750,PUNE - WST-MH-275NA-NOVA CONSULTANCY SERVICES
133,9/1/2024,ECO,EST-WB-1445,KOLKATA - EST-WB-1445-NSEIT LIMITED - KOLKATA
134,9/1/2024,ECO,NR1-UP-3562,KANPUR - NR1-UP-3562-NSEIT LIMITED - KANPUR
135,9/1/2024,ECO,STH-KA-5817,BENGALURU - STH-KA-5817-NSEIT LIMITED - BANGALORE
136,9/1/2024,ECO,STH-TN-5859,TRICHY - STH-TN-5859-NSEIT LIMITED - TRICHY
137,9/1/2024,ECO,WST-MH-2687,NASHIK - WST-MH-2687-NSEIT LIMITED - NASHIK
138,9/21/2024,IBIS BCBF DRA,EST-WB-1514,KOLKATA - EST-WB-1514-XAMTEC - ONLINE EXAM CENTER
139,9/21/2024,IBIS BCBF DRA,WST-MH-2636,PUNE - WST-MH-2636-JP ONLINE EXAMS CENTER
140,9/26/2024,SHIKHAR ATS,EST-WB-1430,KOLKATA - EST-WB-1430-NXTERA SERVICES PRIVATE LIMITED
141,9/26/2024,SHIKHAR ATS,NR1-BR-3213,BEGUSARAI - NR1-BR-3213-JAY ONLINE SERVICE
142,9/26/2024,SHIKHAR ATS,NR2-DL-4047,NEW DELHI - NR2-DL-4047-RAPID ONLINE SOLUTIONS
143,9/26/2024,SHIKHAR ATS,NR2-HR-4098,GURUGRAM - NR2-HR-4098-DPG DEGREE COLLEGE-BLOCK-D
144,9/26/2024,SHIKHAR ATS,STH-TS-5655,WARANGAL - STH-TS-5655-VIDYARTI ITI
145,9/28/2024,MUDRA AICITSS,EST-WB-1420,KOLKATA - EST-WB-1420-TALENIQ TECHNOLOGIES PVT LTD
146,9/28/2024,MUDRA AICITSS,STH-TN-5139,CHENNAI - STH-TN-5139-PRAGYA TECHNOLOGIES
147,9/28/2024,MUDRA AICITSS,WST-GJ-2038,AHMEDABAD - WST-GJ-2038-OMTECH SOLUTION
148,9/28/2024,MUDRA AICITSS,WST-MH-2199,AURANGABAD - WST-MH-2199-BYTEZS INFOTECH
149,9/28/2024,MUDRA AICITSS,WST-MH-2452,MUMBAI - WST-MH-2452-THAKUR POLYTECHNIC
150,9/29/2024,SHIKHAR CITS RPL,NR2-PB-4523,BATHINDA - NR2-PB-4523-SSD GIRLS COLLEGE
151,9/29/2024,SHIKHAR CITS RPL,STH-KA-5508,CHIKKAMAGALURU - STH-KA-5508-GOVT ITI CHIKKAMAGALURU
152,9/29/2024,SHIKHAR CITS RPL,WST-GJ-2040,AHMEDABAD - WST-GJ-2040-SHREE SWAMINARAYAN INSTITUE OF TECHNOLOGY
153,9/30/2024,MUDRA,NR2-DL-4018,DELHI NEW DELHI - NR2-DL-4018-ALL INDIA INSTITUTE OF LOCAL SELF GOVERNMENT
154,9/30/2024,MUDRA,NR2-HR-4098,GURUGRAM - NR2-HR-4098-DPG DEGREE COLLEGE - BLOCK-D
155,9/30/2024,MUDRA,WST-CG-2010,DURG BHILAI - WST-CG-2010-BHARTI COLLEGE OF ENGINEERING AND TECHNOLOGY
156,9/30/2024,MUDRA,WST-GJ-2030,AHMEDABAD - WST-GJ-2030-ALL INDIA INSTITUTE OF LOCAL SELF GOVERNMENT-AHMEDABAD
157,9/30/2024,MUDRA,WST-MH-2243,THANE - WST-MH-2243-MBC-THANE
158,10/5/2024,IBIS BCBF DRA,NR1-UP-3139,KANPUR - NR1-UP-3139-THE LEARNING SPACE
159,10/5/2024,IBIS BCBF DRA,NR2-DL-4484,NEW DELHI - NR2-DL-4484-SANGWAN ACADEMY
160,10/5/2024,IBIS BCBF DRA,WST-GJ-2538,RAJKOT - WST-GJ-2538-GEETANJALI COLLEGE
161,10/5/2024,IBIS BCBF DRA,WST-MH-2199,AURANGABAD - WST-MH-2199-BYTEZS INFOTECH
162,10/5/2024,IBIS BCBF DRA,WST-MH-2234,PUNE - WST-MH-2234-PRIYADARSHANI SIKHSHAN SANSTHAS MARATHI SECONDARY SCHOOL
163,10/6/2024,TANGO,STH-TN-5154,COIMBATORE - STH-TN-5154-KARUNYA INSITUTE OF TECHNOLOGY AND SCIENCE COLLEGE - 1
164,10/6/2024,TANGO,STH-TN-5279,THIRUNELVELI - STH-TN-5279-PSN ENGINEERING COLLEGE
165,10/6/2024,TANGO,STH-TN-5717,SALEM - STH-TN-5717-VSA GROUP OF INSTITUTIONS
166,10/6/2024,TANGO,STH-TN-5736,MADURAI - STH-TN-5736-NAGARATHINAM ANGALAMMAL ARTS AND SCIENCE COLLEGE
167,10/6/2024,TANGO,STH-TN-5878,TIRUCHIRAPALLI - STH-TN-5878-AGN INFOSYSTEM
168,10/6/2024,TANGO HEAL,STH-TN-5154,COIMBATORE - STH-TN-5154-KARUNYA INSITUTE OF TECHNOLOGY AND SCIENCE COLLEGE_1
169,10/6/2024,TANGO HEAL,STH-TN-5279,THIRUNELVELI - STH-TN-5279-PSN ENGINEERING COLLEGE
170,10/6/2024,TANGO HEAL,STH-TN-5717,SALEM - STH-TN-5717-VSA GROUP OF INSTITUTIONS
171,10/6/2024,TANGO HEAL,STH-TN-5736,MADURAI - STH-TN-5736-NAGARATHINAM ANGALAMMAL ARTS AND SCIENCE COLLEGE
172,10/6/2024,TANGO HEAL,STH-TN-5878,TIRUCHIRAPALLI - STH-TN-5878-AGN INFOSYSTEM
173,10/17/2024,SHIKHAR CITS RPL,NR2-HR-4098,GURUGRAM - NR2-HR-4098-DPG DEGREE COLLEGE-BLOCK-D
174,10/17/2024,SHIKHAR CITS RPL,NR2-HR-4107,HISAR - NR2-HR-4107-VARTMAAN ONLINE SERVICES
175,10/17/2024,SHIKHAR CITS RPL,NR2-HR-4620,AMBALA - NR2-HR-4620-LORD KRISHNA COLLEGE OF EDUCATION COMPUTER TEST EXAM CENTRE
176,10/20/2024,IBIS JA,NR2-HR-4495,AMBALA CANTT - NR2-HR-4495-A-ONE ONLINE EXAM SOLUTIONS
177,10/20/2024,IBIS JA,NR2-HR-4684,GURUGRAM - NR2-HR-4684-M M PUBLIC SCHOOL
178,10/20/2024,IBIS JA,NR2-RJ-4500,JAIPUR - NR2-RJ-4500-SJM COLLEGE ONLINE EXAM CENTRE_2
179,10/20/2024,IBIS JA,NR2-RJ-4500,JAIPUR - NR2-RJ-4500-SJM COLLEGE ONLINE EXAM CENTRE-2
180,10/20/2024,IBIS JA,NR2-UK-4655,DEHRADUN - NR2-UK-4655-BRAIN DISCOVERY GLOBAL SCHOOL
181,10/20/2024,IBIS JA,WST-GJ-2541,AHMEDABAD - WST-GJ-2541-KAAVYARATNA INFO SERVICES_1
182,10/20/2024,IBIS JA,WST-GJ-2541,AHMEDABAD - WST-GJ-2541-KAAVYARATNA INFO SERVICES-1
183,10/26/2024,IBIS JA,NR2-CH-1489,CHANDIGARH - NR2-CH-1489-GSS INTERNATIONAL PUBLIC SCHOOL
184,10/26/2024,IBIS JA,NR2-RJ-4209,JODHPUR - NR2-RJ-4209-SHREE KIRTARAM SHIKSHAN SHANSTHAN
185,10/26/2024,IBIS JA,NR2-RJ-4576,SIKAR - NR2-RJ-4576-VIDHYA BHARTI SANSTHAN
186,10/26/2024,IBIS JA,STH-TN-5702,CHENNAI - STH-TN-5702-MBC ONLINE CENTER
187,10/26/2024,IBIS JA,WST-GJ-2541,AHMEDABAD - WST-GJ-2541-KAAVYARATNA INFO SERVICES_1
188,10/26/2024,IBIS JA,WST-GJ-2541,AHMEDABAD - WST-GJ-2541-KAAVYARATNA INFO SERVICES-1
189,10/27/2024,BLACK GOLD,EST-OR-1199,BHUBANESHWAR - EST-OR-1199-MAA ASSESSMENT CENTER
190,10/27/2024,BLACK GOLD,NR1-UP-3383,LUCKNOW - NR1-UP-3383-SULTAN FOUNDATION LUCKNOW
191,10/27/2024,BLACK GOLD,STH-KA-5948,BANGALORE - STH-KA-5948-E TALENT - PEENYA
192,10/27/2024,BLACK GOLD,STH-KL-5064,KOCHI - STH-KL-5064-RAJAGIRI SCHOOL OF ENGINEERING AND TECHNOLOGY - RSET_2
193,10/27/2024,BLACK GOLD,STH-TN-5264,CHENNAI - STH-TN-5264-VELAMMAL INSTITUTE OF TECHNOLOGY
194,10/27/2024,BLACK GOLD,EST-OR-1199,BHUBANESHWAR - EST-OR-1199-MAA ASSESSMENT CENTER
195,10/27/2024,BLACK GOLD,NR1-UP-3383,LUCKNOW - NR1-UP-3383-SULTAN FOUNDATION LUCKNOW
196,10/27/2024,BLACK GOLD,STH-KA-5948,BANGALORE - STH-KA-5948-E TALENT - PEENYA
197,10/27/2024,BLACK GOLD,STH-KL-5064,KOCHI - STH-KL-5064-RAJAGIRI SCHOOL OF ENGINEERING AND TECHNOLOGY - RSET - 2
198,10/27/2024,BLACK GOLD,STH-TN-5264,CHENNAI - STH-TN-5264-VELAMMAL INSTITUTE OF TECHNOLOGY
199,10/27/2024,IBIS JA,NR2-RJ-4180,BIKANER - NR2-RJ-4180-WISDOM COMPUTER INSTITUTE
200,10/27/2024,IBIS JA,NR2-RJ-4209,JODHPUR - NR2-RJ-4209-SHREE KIRTARAM SHIKSHAN SHANSTHAN
201,10/27/2024,IBIS JA,NR2-RJ-4500,JAIPUR - NR2-RJ-4500-SJM COLLEGE ONLINE EXAM CENTRE_1
202,10/27/2024,IBIS JA,NR2-RJ-4500,JAIPUR - NR2-RJ-4500-SJM COLLEGE ONLINE EXAM CENTRE-1
203,10/27/2024,IBIS JA,NR2-RJ-4576,SIKAR - NR2-RJ-4576-VIDHYA BHARTI SANSTHAN
204,10/27/2024,IBIS JA,WST-MH-2464,MUMBAI - WST-MH-2464-BABASAHEB GAWDE INSTITUTE OF TECHNOLOGY
205,10/27/2024,NECTOR,EST-WB-1131,KOLKATA - EST-WB-1131-MBC MODI HOUSE
206,10/27/2024,NECTOR,NR2-DL-4484,NEW DELHI - NR2-DL-4484-SANGWAN ACADEMY_1
207,10/27/2024,NECTOR,NR2-DL-4484,NEW DELHI - NR2-DL-4484-SANGWAN ACADEMY - 1
208,10/27/2024,NECTOR,STH-TN-5856,CHENNAI - STH-TN-5856-NSEIT LIMITED - CHENNAI
209,10/27/2024,NECTOR,WST-MH-2684,MUMBAI - WST-MH-2684-NSEIT LIMITED - MUMBAI-ANDHERI
210,10/30/2024,MUDRA,NR2-DL-4526,DELHI NEW DELHI - NR2-DL-4526-NSEIT LIMITED - NEW DELHI
211,10/30/2024,MUDRA,STH-KL-5063,ERNAKULAM - STH-KL-5063-SWEAR ONLINE ASSESSMENT CENTER
212,10/30/2024,MUDRA,WST-GJ-2579,AHMEDABAD - WST-GJ-2579-NSEIT LIMITED - AHMEDABAD
213,11/7/2024,MUDRA ICAI,NR2-DL-4526,DELHI NEW DELHI - NR2-DL-4526-NSEIT LIMITED - NEW DELHI
214,11/7/2024,MUDRA ICAI,STH-KA-5817,BANGALORE - STH-KA-5817-NSEIT LIMITED - BANGALORE
215,11/16/2024,IBIS BCBF DRA,EST-JH-1395,HAZARIBAGH - EST-JH-1395-NSEIT LIMITED - HAZARIBAUG
216,11/16/2024,IBIS BCBF DRA,EST-WB-1441,BERHAMPORE - EST-WB-1441-NSEIT LIMITED - BERHAMPORE
217,11/16/2024,IBIS BCBF DRA,NR1-UP-3531,GORAKHPUR - NR1-UP-3531-BHAGAT SINGH ONLINE EXAMINATION CENTER
218,11/16/2024,IBIS BCBF DRA,NR2-PB-4608,LUDHIANA - NR2-PB-4608-ALPINE INTERNATIONAL SR. SEC. SCHOOL
219,11/16/2024,IBIS BCBF DRA,NR2-RJ-4211,JODHPUR - NR2-RJ-4211-TELNET TECHNOLOGIES
220,11/24/2024,IBIS CA,NR2-HP-4127,HAMIRPUR - NR2-HP-4127-NEW GURUKUL INFOTECH
221,11/24/2024,IBIS CA,NR2-HR-4495,AMBALA CANTT - NR2-HR-4495-A-ONE ONLINE EXAM SOLUTIONS
222,11/24/2024,IBIS CA,NR2-HR-4507,KARNAL - NR2-HR-4507-BUDDHA COLLEGE OF EDUCATION
223,11/24/2024,IBIS CA,NR2-PB-4608,LUDHIANA - NR2-PB-4608-ALPINE INTERNATIONAL SR SEC SCHOOL
224,11/24/2024,IBIS CA,NR2-RJ-4500,JAIPUR - NR2-RJ-4500-SJM COLLEGE ONLINE EXAM CENTRE_1
225,11/24/2024,IBIS CA,NR2-RJ-4500,JAIPUR - NR2-RJ-4500-SJM COLLEGE ONLINE EXAM CENTRE-1
226,12/1/2024,IBIS CA,NR2-HP-4127,HAMIRPUR - NR2-HP-4127-NEW GURUKUL INFOTECH
227,12/1/2024,IBIS CA,NR2-JK-4650,JAMMU - NR2-JK-4650-BN COLLEGE OF EDUCATION
228,12/1/2024,IBIS CA,NR2-PB-4512,PATIALA - NR2-PB-4512-SHRI GURU HARKISHAN COLLEGE OF MANAGEMENT AND TECH ONLINE EXAMINATION CENTRE
229,12/1/2024,IBIS CA,NR2-RJ-4209,JODHPUR - NR2-RJ-4209-SHREE KIRTARAM SHIKSHAN SHANSTHAN
230,12/6/2024,SHIKHAR CTS,NR1-BR-3250,SITAMARHI - NR1-BR-3250-ITI PUPARI SITAMARHI - TBX
231,12/6/2024,SHIKHAR CTS,NR1-BR-3334,SITAMARHI - NR1-BR-3334-EDUTECH SOFT PVT LTD
232,12/6/2024,SHIKHAR CTS,NR1-UP-3691,PRAYAGRAJ - NR1-UP-3691-GOVERNMENT ITI-NAINI-ALLAHABAD-061
233,12/6/2024,SHIKHAR CTS,STH-KA-5433,KOPPAL - STH-KA-5433-GOVT ITI KOPPAL
234,12/6/2024,SHIKHAR CTS,STH-TS-5719,HYDERABAD - STH-TS-5719-NSEIT LIMITED - HYDERABAD
235,12/7/2024,IBIS BCBF DRA,EST-OR-1093,BHUBANESHWAR - EST-OR-1093-RADHA RAMAN ASSESSMENT SERVICES PRIVATE LIMITED
236,12/7/2024,IBIS BCBF DRA,NR2-PB-4473,AMRITSAR - NR2-PB-4473-KHALSA COLLEGE OF ENGINEERING AND TECHNOLOGY
237,12/7/2024,IBIS BCBF DRA,STH-KA-5033,BENGALURU - STH-KA-5033-ARYZE TECHNOLOGIES
238,12/7/2024,IBIS BCBF DRA,WST-CG-2009,BILASPUR - WST-CG-2009-PREEYEM INFOTECH - ABHIYAN ACADEMY
239,12/7/2024,IBIS BCBF DRA,WST-GJ-2040,AHMEDABAD - WST-GJ-2040-SHREE SWAMINARAYAN INSTITUE OF TECHNOLOGY
240,12/8/2024,IBIS CA,NR2-CH-1489,CHANDIGARH - NR2-CH-1489-GSS INTERNATIONAL PUBLIC SCHOOL
241,12/8/2024,IBIS CA,NR2-HP-4127,HAMIRPUR - NR2-HP-4127-NEW GURUKUL INFOTECH
242,12/8/2024,IBIS CA,NR2-RJ-4209,JODHPUR - NR2-RJ-4209-SHREE KIRTARAM SHIKSHAN SHANSTHAN
243,12/8/2024,IBIS CA,NR2-RJ-4582,SIKAR - NR2-RJ-4582-SBS SHIKSHAN PRASIKSHAN COLLEGE
244,12/8/2024,IBIS CA,WST-GJ-2541,AHMEDABAD - WST-GJ-2541-KAAVYARATNA INFO SERVICES_1
245,12/8/2024,IBIS CA,WST-GJ-2541,AHMEDABAD - WST-GJ-2541-KAAVYARATNA INFO SERVICES-1
246,12/14/2024,IBIS CA,NR2-CH-1489,CHANDIGARH - NR2-CH-1489-GSS INTERNATIONAL PUBLIC SCHOOL
247,12/14/2024,IBIS CA,NR2-RJ-4500,JAIPUR - NR2-RJ-4500-SJM COLLEGE ONLINE EXAM CENTRE_1
248,12/14/2024,IBIS CA,NR2-RJ-4500,JAIPUR - NR2-RJ-4500-SJM COLLEGE ONLINE EXAM CENTRE-1
249,12/14/2024,IBIS CA,NR2-UK-4685,DEHRADUN - NR2-UK-4685-MINERVA ONLINE EXAMINATION CENTER INSTITUTE
250,12/14/2024,IBIS CA,STH-TN-5975,CHENNAI - STH-TN-5975-DON BOSCO ARTS AND SCIENCE COLLEGE
251,12/14/2024,IBIS CA,WST-GJ-2541,AHMEDABAD - WST-GJ-2541-KAAVYARATNA INFO SERVICES_1
252,12/14/2024,IBIS CA,WST-GJ-2541,AHMEDABAD - WST-GJ-2541-KAAVYARATNA INFO SERVICES-1
253,12/15/2024,IBIS CA,EST-MN-1055,IMPHAL - EST-MN-1055-MAX DATA CENTER
254,12/15/2024,IBIS CA,NR2-CH-1489,CHANDIGARH - NR2-CH-1489-GSS INTERNATIONAL PUBLIC SCHOOL
255,12/15/2024,IBIS CA,NR2-HP-4127,HAMIRPUR - NR2-HP-4127-NEW GURUKUL INFOTECH
256,12/15/2024,IBIS CA,NR2-RJ-4500,JAIPUR - NR2-RJ-4500-SJM COLLEGE ONLINE EXAM CENTRE_1
257,12/15/2024,IBIS CA,NR2-RJ-4500,JAIPUR - NR2-RJ-4500-SJM COLLEGE ONLINE EXAM CENTRE-1
258,12/15/2024,IBIS CA,NR2-UK-4685,DEHRADUN - NR2-UK-4685-MINERVA ONLINE EXAMINATION CENTER INSTITUTE
259,12/15/2024,NARMADA SWAYAM,STH-AP-5982,KADAPA - STH-AP-5982-GOVT RESIDANTIAL ITI FOR GIRLS - KADAPA
260,12/16/2024,MUDRA,STH-KA-5034,BANGALORE - STH-KA-5034- E MERIT - RT NAGAR
261,12/18/2024,SHIKHAR ATS,EST-JH-1516,EST-JH-1516 - JAMSHEDPUR-NOBEL SPHERE TECHNOLOGIES
262,12/18/2024,SHIKHAR ATS,EST-WB-1413,EST-WB-1413 - DURGAPUR-CONFIANCE
263,12/18/2024,SHIKHAR ATS,NR2-PB-4519,NR2-PB-4519 - PATIALA-NSEIT LIMITED - PATIALA
264,12/21/2024,MUDRA AICITSS,EST-OR-1093,BHUBANESWAR - EST-OR-1093-RADHA RAMAN ASSESSMENT SERVICES PRIVATE LIMITED
265,12/21/2024,MUDRA AICITSS,NR1-UP-3561,LUCKNOW - NR1-UP-3561-NSEIT LIMITED - LUCKNOW
266,12/21/2024,MUDRA AICITSS,STH-KA-5035,BENGALURU - STH-KA-5035-E PAREEKSHA
267,12/21/2024,MUDRA AICITSS,STH-TN-5143,CHENNAI - STH-TN-5143-SRI SAI RAM ENGINEEIRNG COLLEGE
268,12/21/2024,MUDRA AICITSS,WST-CG-2024,RAIPUR - WST-CG-2024-SHREE DIGITAL
269,12/22/2024,IBIS CA,NR2-PB-4608,LUDHIANA - NR2-PB-4608-ALPINE INTERNATIONAL SR SEC SCHOOL
270,12/22/2024,IBIS CA,STH-TN-5702,CHENNAI - STH-TN-5702-MBC ONLINE CENTER
271,12/22/2024,IBIS CA,STH-TN-5975,CHENNAI - STH-TN-5975-DON BOSCO ARTS AND SCIENCE COLLEGE
272,12/27/2024,KAZIRANGA,EST-AS-1009,DIBRUGARH - EST-AS-1009-LAHOWAL COLLEGE
273,12/27/2024,KAZIRANGA,EST-AS-1018,JORHAT - EST-AS-1018-ZENITH INSTITUTE OF TECHNOLOGY
274,12/27/2024,KAZIRANGA,EST-AS-1172,SILCHAR - EST-AS-1172-GOVERNMENT INDUSTRIAL TRAINING INSTITUTE - SRIKONA
275,12/27/2024,KAZIRANGA,EST-AS-1485,DIBRUGARH - EST-AS-1485-BRAHMAPUTRA INDUSTRIAL TRAINING INSTITUTE - TENGAKHAT -PRIVATE
276,12/27/2024,KAZIRANGA,EST-AS-1486,DIBRUGARH - EST-AS-1486-GOVERNMENT INDUSTRIAL TRAINING INSTITUTE - DIBRUGARH
277,1/4/2025,IBIS BCBF DRA,EST-AS-1005,GUWAHATI - EST-AS-1005-FUTURE TECH EDUCATION
278,1/4/2025,IBIS BCBF DRA,STH-AP-5023,VIJAYAWADA - STH-AP-5023-SHREE VIJAYA DURGA IT INFO SOLUTIONS
279,1/4/2025,IBIS BCBF DRA,STH-TN-5702,CHENNAI - STH-TN-5702-MBC ONLINE CENTER
280,1/4/2025,IBIS BCBF DRA,WST-GJ-2564,SURAT - WST-GJ-2564-DECIPHER TECHNOLOGIES
281,1/4/2025,IBIS BCBF DRA,WST-MH-2199,AURANGABAD - WST-MH-2199-BYTEZS INFOTECH
282,1/4/2025,MUDRA,EST-WB-1445,KOLKATA - EST-WB-1445-NSEIT LIMITED - KOLKATA
283,1/4/2025,MUDRA,NR2-UP-3613,NOIDA - NR2-UP-3613-NSEIT LIMITED - NOIDA
284,1/4/2025,MUDRA,STH-TN-5856,CHENNAI - STH-TN-5856-NSEIT LIMITED - CHENNAI
285,1/4/2025,MUDRA,WST-MH-2660,THANE - WST-MH-2660-K.C. COLLEGE OF ENGINEERING AND MANAGEMENT STUDIES AND RESEARCH
286,1/4/2025,MUDRA,WST-MH-2684,MUMBAI - WST-MH-2684-NSEIT LIMITED - MUMBAI
287,1/6/2025,MUDRA,EST-WB-1445,KOLKATA - EST-WB-1445-NSEIT LIMITED - KOLKATA
288,1/6/2025,MUDRA,NR2-DL-4526,DELHI NEW DELHI - NR2-DL-4526-NSEIT LIMITED - NEW DELHI
289,1/6/2025,MUDRA,STH-TS-5719,HYDERABAD - STH-TS-5719-NSEIT LIMITED - HYDERABAD - 1
290,1/6/2025,MUDRA,WST-MH-2684,MUMBAI - WST-MH-2684-NSEIT LIMITED - MUMBAI
291,1/6/2025,MUDRA,WST-MH-2745,THANE - WST-MH-2745-MBC-THANE
292,1/12/2025,IBIS DIP,STH-TN-5856,CHENNAI - STH-TN-5856-NSEIT LIMITED - CHENNAI
293,1/12/2025,IBIS DIP,STH-TN-5861,COIMBATORE - STH-TN-5861-NSEIT LIMITED - COIMBATORE
294,1/18/2025,MUDRA AICITSS,NR2-HR-4098,GURGAON - NR2-HR-4098-DPG DEGREE COLLEGE-BLOCK-D
295,1/18/2025,MUDRA AICITSS,STH-KL-5066,ERNAKULAM - STH-KL-5066-SWEAR ONLINE ASSESSMENT CENTRE
296,1/18/2025,MUDRA AICITSS,STH-TS-5727,HYDERABAD - STH-TS-5727-THE INSTITUTE OF ELECTRONICS AND TELECOMMUNICATION ENGINEERS - IETE
297,1/18/2025,MUDRA AICITSS,WST-GJ-2040,GANDHINAGAR - WST-GJ-2040-SHREE SWAMINARAYAN INSTITUE OF TECHNOLOGY
298,1/18/2025,MUDRA AICITSS,WST-MH-2452,MUMBAI - WST-MH-2452-THAKUR POLYTECHNIC_1
299,1/18/2025,MUDRA AICITSS,WST-MH-2452,MUMBAI - WST-MH-2452-THAKUR POLYTECHNIC - 1
300,1/18/2025,NIA,NR2-DL-4526,DELHI - NR2-DL-4526-NSEIT LIMITED - DELHI
301,1/18/2025,NIA,NR2-RJ-4561,JAIPUR - NR2-RJ-4561-NSEIT LIMITED - JAIPUR
302,1/18/2025,NIA,WST-GA-2348,PANJIM - WST-GA-2348-NSEIT LIMITED - PANJIM
303,1/18/2025,NIA,WST-MH-2684,MUMBAI - WST-MH-2684-NSEIT LIMITED - MUMBAI
304,1/19/2025,IBIS DIP,NR2-DL-4526,NEW DELHI - NR2-DL-4526-NSEIT LIMITED - NEW DELHI
305,1/19/2025,IBIS DIP,NR2-HR-4098,GURUGRAM - NR2-HR-4098-NSEIT LIMITED - GURUGRAM
306,1/19/2025,IBIS DIP,NR2-PB-4515,LUDHIANA - NR2-PB-4515-NSEIT LIMITED - LUDHIANA
307,1/19/2025,IBIS DIP,WST-GJ-2580,VADODARA - WST-GJ-2580-NSEIT LIMITED - BARODA
308,2/1/2025,IBIS BCBF DRA,EST-WB-1449,KOLKATA - EST-WB-1449-MBC BEHALA COLLEGE
309,2/1/2025,IBIS BCBF DRA,STH-KA-5799,BALLARI - STH-KA-5799-SPGU EDUCATION SOCIETY ITI
310,2/1/2025,IBIS BCBF DRA,STH-TN-5139,CHENNAI - STH-TN-5139-PRAGYA TECHNOLOGIES
311,2/1/2025,IBIS BCBF DRA,STH-TS-5315,HYDERABAD - STH-TS-5315-SEZ TECHNOLOGIES AND SOLUTIONS
312,2/1/2025,NIA,NR2-DL-4526,DELHI - NR2-DL-4526-NSEIT LIMITED - DELHI
313,2/1/2025,NIA,STH-TN-5856,CHENNAI - STH-TN-5856-NSEIT LIMITED - CHENNAI
314,2/1/2025,NIA,STH-TS-5719,HYDERABAD - STH-TS-5719-NSEIT LIMITED - HYDERABAD
315,2/1/2025,NIA,WST-MH-2684,MUMBAI - WST-MH-2684-NSEIT LIMITED - MUMBAI
316,2/1/2025,NIA,WST-MH-2685,PUNE - WST-MH-2685-NSEIT LIMITED - PUNE
317,2/3/2025,MUDRA,STH-TN-5856,CHENNAI - STH-TN-5856-NSEIT LIMITED - CHENNAI
318,2/3/2025,MUDRA,STH-TS-5719,HYDERABAD - STH-TS-5719-NSEIT LIMITED - HYDERABAD - 1
319,2/3/2025,MUDRA,WST-MH-2455,MUMBAI - WST-MH-2455-SHAILENDRA EDUCATION SOCIETY
320,2/3/2025,MUDRA,WST-MH-2684,MUMBAI - WST-MH-2684-NSEIT LIMITED - MUMBAI
321,2/3/2025,MUDRA,WST-MH-2726,MUMBAI - WST-MH-2726-HI-TECH LIBRARY
322,2/9/2025,SHIKHAR CITS RPL,EST-OR-1466,BHUBANESHWAR - EST-OR-1466-NSEIT LIMITED - BHUBANESHWAR
323,2/9/2025,SHIKHAR CITS RPL,NR2-HR-4107,HISAR - NR2-HR-4107-VARTMAAN ONLINE SERVICES
324,2/9/2025,SHIKHAR CITS RPL,NR2-PB-4523,BHATINDA - NR2-PB-4523-SSD GIRLS COLLEGE
325,2/9/2025,SHIKHAR CITS RPL,WST-MH-2684,MUMBAI - WST-MH-2684-NSEIT LIMITED - MUMBAI-ANDHERI
326,2/9/2025,SHIKHAR CITS RPL,WST-MP-2587,SEONI - WST-MP-2587-NSEIT LIMITED - SEONI
327,2/14/2025,MUDRA,NR2-DL-4526,DELHI NEW DELHI - NR2-DL-4526-NSEIT LIMITED - NEW DELHI
328,2/14/2025,MUDRA,STH-KA-5817,BANGALORE - STH-KA-5817-NSEIT LIMITED - BANGALORE
329,2/14/2025,MUDRA,STH-TN-5856,CHENNAI - STH-TN-5856-NSEIT LIMITED - CHENNAI
330,2/14/2025,MUDRA,WST-MH-2684,MUMBAI - WST-MH-2684-NSEIT LIMITED - MUMBAI
331,2/15/2025,NIA,NR2-DL-4526,DELHI - NR2-DL-4526-NSEIT LIMITED - DELHI
332,2/15/2025,NIA,STH-TS-5719,HYDERABAD - STH-TS-5719-NSEIT LIMITED - HYDERABAD
333,2/15/2025,NIA,WST-MH-2684,MUMBAI - WST-MH-2684-NSEIT LIMITED - MUMBAI
334,2/15/2025,NIA,WST-MH-2685,PUNE - WST-MH-2685-NSEIT LIMITED - PUNE
335,2/21/2025,MUDRA,STH-KA-5035,BANGALORE - STH-KA-5035-E PAREEKSHA
336,2/21/2025,MUDRA,STH-KL-5743,THRISSUR - STH-KL-5743-NSEIT LIMITED - THRISSUR - 1
337,2/21/2025,MUDRA,STH-TN-5856,CHENNAI - STH-TN-5856-NSEIT LIMITED - CHENNAI
338,2/21/2025,MUDRA,WST-MH-2726,MUMBAI - WST-MH-2726-HI-TECH LIBRARY
339,2/22/2025,MUDRA AICITSS,EST-OR-1093,BHUBANESWAR - EST-OR-1093-RADHA RAMAN ASSESSMENT SERVICES PRIVATE LIMITED
340,2/22/2025,MUDRA AICITSS,STH-KL-5899,KOTTAYAM - STH-KL-5899-ACAMARJYOTHI ACADEMY - KOTTAYAM
341,2/22/2025,MUDRA AICITSS,STH-TN-5702,CHENNAI - STH-TN-5702-MBC ONLINE CENTER
342,2/22/2025,MUDRA AICITSS,STH-TN-5975,CHENNAI - STH-TN-5975-DON BOSCO ARTS AND SCIENCE COLLEGE
343,2/22/2025,MUDRA AICITSS,WST-MP-2132,INDORE - WST-MP-2132-MASIHI KANYA VIDHYALAY
344,2/28/2025,MUDRA,EST-WB-1445,KOLKATA - EST-WB-1445-NSEIT LIMITED - KOLKATA
345,2/28/2025,MUDRA,NR2-DL-4526,DELHI NEW DELHI - NR2-DL-4526-NSEIT LIMITED - NEW DELHI
346,2/28/2025,MUDRA,STH-TN-5856,CHENNAI - STH-TN-5856-NSEIT LIMITED - CHENNAI
347,2/28/2025,MUDRA,STH-TS-5719,HYDERABAD - STH-TS-5719-NSEIT LIMITED - HYDERABAD - 1
348,2/28/2025,MUDRA,WST-MH-2684,MUMBAI - WST-MH-2684-NSEIT LIMITED - MUMBAI
349,3/1/2025,IBIS BCBF DRA,EST-OR-1081,SAMBALPUR - EST-OR-1081-I-TECH
350,3/1/2025,IBIS BCBF DRA,EST-OR-1110,BHUBANESHWAR - EST-OR-1110-SSB EDUTECH
351,3/1/2025,IBIS BCBF DRA,EST-WB-1370,KOLKATA - EST-WB-1370-CONSOLE MANAGEMENT CONSULTANTS PVT. LTD.
352,3/1/2025,IBIS BCBF DRA,WST-MH-1655,PUNE - WST-MH-1655-SKILL HUB INSTITUTE
353,3/1/2025,IBIS BCBF DRA,WST-MH-2726,MUMBAI - WST-MH-2726-HI-TECH LIBRARY
354,3/1/2025,NIA,NR2-DL-4526,DELHI - NR2-DL-4526-NSEIT LIMITED - DELHI
355,3/1/2025,NIA,STH-KA-5817,BANGALORE - STH-KA-5817-NSEIT LIMITED - BANGALORE
356,3/1/2025,NIA,STH-TN-5856,CHENNAI - STH-TN-5856-NSEIT LIMITED - CHENNAI
357,3/1/2025,NIA,STH-TS-5719,HYDERABAD - STH-TS-5719-NSEIT LIMITED - HYDERABAD
358,3/1/2025,NIA,WST-MH-2684,MUMBAI - WST-MH-2684-NSEIT LIMITED - MUMBAI
359,3/2/2025,CAUVERY,STH-TN-1700,CHENNAI - STH-TN-1700-MAHALAKSHMI TECH CAMPUS
360,3/2/2025,CAUVERY,STH-TN-1701,CHENNAI - STH-TN-1701-PRINCE SHRI VENKATESHWARA PADMAVATHY ENGINEERING COLLEGE
361,3/2/2025,CAUVERY,STH-TN-5369,CHENNAI - STH-TN-5369-RAJALAKSHMI ENGINEERING COLLEGE_1
362,3/2/2025,CAUVERY,STH-TN-5369,CHENNAI - STH-TN-5369-RAJALAKSHMI ENGINEERING COLLEGE - 1
363,3/2/2025,CAUVERY,STH-TN-5818,CHENNAI - STH-TN-5818-S A ARTS AND SCIENCE COLLEGE
364,3/2/2025,CAUVERY,STH-TN-5975,CHENNAI - STH-TN-5975-DON BOSCO SIGA COMPLEX
365,3/2/2025,NARMADA CSIR & UGC,NR1-BR-3716,PATNA - NR1-BR-3716-JSCA INFOTECH
366,3/2/2025,NARMADA CSIR & UGC,NR1-UP-1657,PRAYAGRAJ - NR1-UP-1657-STAR EXAM ZONE
367,3/2/2025,NARMADA CSIR & UGC,NR1-UP-3198,VARANASI - NR1-UP-3198-DROTCA-DHANNU RAM ONLINE TEST AND COMPUTER APPLICATION PVT LTD
368,3/2/2025,NARMADA CSIR & UGC,STH-TS-5306,HYDERABAD - STH-TS-5306-CIOS DIGITALS PRIVATE LIMITED
369,3/2/2025,NARMADA CSIR & UGC,WST-CG-1638,RAIPUR - WST-CG-1638-KRISHNAS VIKASH INSTITUTE OF TECHNOLOGY-RAIPUR
370,3/7/2025,MUDRA,NR2-DL-4526,DELHI NEW DELHI - NR2-DL-4526-NSEIT LIMITED - NEW DELHI
371,3/7/2025,MUDRA,NR2-UP-3613,NOIDA - NR2-UP-3613-NSEIT LIMITED - NOIDA
372,3/7/2025,MUDRA,STH-TN-5856,CHENNAI - STH-TN-5856-NSEIT LIMITED - CHENNAI
373,3/7/2025,MUDRA,STH-TN-5861,COIMBATORE - STH-TN-5861-NSEIT LIMITED - COIMBATORE - 1
374,3/7/2025,MUDRA,WST-MH-2684,MUMBAI - WST-MH-2684-NSEIT LIMITED - MUMBAI
375,3/8/2025,MUDRA,NR2-RJ-4567,NAGAUR - NR2-RJ-4567-NSEIT LIMITED - NAGAUR
376,3/8/2025,MUDRA,STH-KA-5035,BANGALORE - STH-KA-5035-E PAREEKSHA
377,3/8/2025,MUDRA,STH-KL-5745,KOZHIKODE - STH-KL-5745-NSEIT LIMITED - KOZHIKODE
378,3/8/2025,MUDRA,STH-TS-5719,HYDERABAD - STH-TS-5719-NSEIT LIMITED - HYDERABAD - 1
379,3/8/2025,MUDRA,WST-MH-2684,MUMBAI - WST-MH-2684-NSEIT LIMITED - MUMBAI
380,3/27/2025,SHIKHAR ATS,EST-JH-1046,JAMSHEDPUR - EST-JH-1046-NATIONAL INSTITUTE OF EXCELLENCE
381,3/27/2025,SHIKHAR ATS,EST-OR-1466,BHUBANESHWAR - EST-OR-1466-NSEIT LIMITED - BHUBANESHWAR
382,3/27/2025,SHIKHAR ATS,EST-WB-1443,KHARAGPUR - EST-WB-1443-NSEIT LIMITED - KHARAGPUR
383,3/27/2025,SHIKHAR ATS,NR1-BR-3213,BEGUSARAI - NR1-BR-3213-JAY ONLINE SERVICES
384,3/27/2025,SHIKHAR ATS,WST-GJ-2575,BARODA - WST-GJ-2575-BINARY BIT TECHNOLOGY
385,3/29/2025,MUDRA AICITSS,STH-KA-5035,BENGALURU - STH-KA-5035-E PAREEKSHA
386,3/29/2025,MUDRA AICITSS,STH-KL-5064,ERNAKULAM - STH-KL-5064-RAJAGIRI SCHOOL OF ENGINEERING AND TECHNOLOGY
387,3/29/2025,MUDRA AICITSS,STH-TN-5139,CHENNAI - STH-TN-5139-PRAGYA TECHNOLOGIES
388,3/29/2025,MUDRA AICITSS,STH-TN-5702,CHENNAI - STH-TN-5702-MBC ONLINE CENTER
389,3/29/2025,MUDRA AICITSS,WST-CG-2026,RAIPUR - WST-CG-2026-TECHSOLVE DESIGNING AND GRAFIX SOLUTION
390,3/31/2025,MUDRA,STH-TN-5856,CHENNAI - STH-TN-5856-NSEIT LIMITED - CHENNAI
391,3/31/2025,MUDRA,WST-MH-2684,MUMBAI - WST-MH-2684-NSEIT LIMITED - MUMBAI
392,3/31/2025,MUDRA,WST-MH-2806,VASAI - WST-MH-2806-NSEIT LIMITED - VIRAR - 1
393,6/1/2025,IBIS CA,EST-JH-1177,DALTONGANJ - EST-JH-1177-APTECH COMPUTER EDUCATION
394,6/1/2025,IBIS CA,NR2-CH-1489,CHANDIGARH - NR2-CH-1489-GSS INTERNATIONAL PUBLIC SCHOOL
395,6/1/2025,IBIS CA,NR2-HP-4127,HAMIRPUR - NR2-HP-4127-NEW GURUKUL INFOTECH
396,6/1/2025,IBIS CA,NR2-JK-4488,JAMMU - NR2-JK-4488-DIGITAL COMPUTER EDUCATION
397,6/1/2025,IBIS CA,NR2-RJ-1635,SIKAR - NR2-RJ-1635-JAN SHIKSHAN SANSTHAN
398,6/1/2025,IBIS CA,NR2-RJ-1731,SAWAI MADHOPUR - NR2-RJ-1731-DEV IT SKILL
399,6/1/2025,IBIS CA,NR2-RJ-4209,JODHPUR - NR2-RJ-4209-SHREE KIRTARAM SHIKSHAN SANTHAN
400,6/1/2025,IBIS CA,WST-MH-2452,MUMBAI - WST-MH-2452-THAKUR POLYTECHNIC-1
401,6/1/2025,IBIS CA,WST-MH-2641,MUMBAI - WST-MH-2641-VASANTDADA PATIL PRATISHTHANS COLLEGE OF ENGINEERING AND VISUAL ARTS
402,6/1/2025,MUDRA,EST-WB-1445,KOLKATA - EST-WB-1445-NSEIT LIMITED - KOLKATA
403,6/1/2025,MUDRA,STH-TN-5856,CHENNAI - STH-TN-5856-NSEIT LIMITED - CHENNAI
404,6/1/2025,MUDRA,STH-TN-5861,COIMBATORE - STH-TN-5861-NSEIT LIMITED - COIMBATORE - 1
405,6/1/2025,MUDRA,WST-MH-2684,MUMBAI - WST-MH-2684-NSEIT LIMITED - MUMBAI
406,6/1/2025,MUDRA,WST-MH-2806,VASAI - WST-MH-2806-NSEIT LIMITED - VIRAR - 1
407,6/3/2025,DAFFODIL,NR2-CH-4693,CHANDIGARH - NR2-CH-4693-BALAJI COMPUTERS
408,6/3/2025,DAFFODIL,NR2-CH-4695,CHANDIGARH - NR2-CH-4695-AXIS NETWORKS
409,6/3/2025,DAFFODIL,NR2-DL-4685,DELHI NCR - NR2-DL-4685-LAXMI PUBLIC SCHOOL
410,6/3/2025,DAFFODIL,NR2-DL-4702,DELHI NCR - NR2-DL-4702-DELHI ENGLISH ACADEMY ONLINE EXAM CENTER
411,6/3/2025,DAFFODIL,NR2-PB-4504,CHANDIGARH - NR2-PB-4504-DASHMESH KHALSA COLLEGE
412,6/7/2025,NIA,NR2-DL-4526,DELHI - NR2-DL-4526-NSEIT LIMITED - DELHI JHANDEWALAN
413,6/7/2025,NIA,STH-KA-5817,BANGALORE - STH-KA-5817-NSEIT LIMITED - BANGALORE
414,6/7/2025,NIA,STH-TN-5856,CHENNAI - STH-TN-5856-NSEIT LIMITED - CHENNAI
415,6/7/2025,NIA,WST-MH-2684,MUMBAI - WST-MH-2684-NSEIT LIMITED - MUMBAI ANDHERI
416,6/7/2025,NIA,WST-MH-2685,PUNE - WST-MH-2685-NSEIT LIMITED - PUNE
417,6/8/2025,CHETTINAD,NR1-BR-3746,PATNA - NR1-BR-3746-INFRAZONE SOLUTIONS
418,6/8/2025,CHETTINAD,NR1-UP-1756,LUCKNOW - NR1-UP-1756-UMA INSTITUTE OF MANAGEMENT OF TECHNOLOGY
419,6/8/2025,CHETTINAD,NR1-UP-3299,KANPUR - NR1-UP-3299-UNZIP TECHNOLOGY_1
420,6/8/2025,CHETTINAD,NR1-UP-3299,KANPUR - NR1-UP-3299-UNZIP TECHNOLOGY - 1
421,6/8/2025,CHETTINAD,NR1-UP-3735,VARANASI - NR1-UP-3735-WEBDIZ INFOTECH PVT.LTD
422,6/8/2025,CHETTINAD,NR2-DL-4524,DELHI - NR2-DL-4524-HOLY INTERNATIONAL EXAM CENTRE
423,6/14/2025,IBIS CA,EST-JH-1177,DALTONGANJ - EST-JH-1177-APTECH COMPUTER EDUCATION
424,6/14/2025,IBIS CA,NR2-CH-1489,CHANDIGARH - NR2-CH-1489-GSS INTERNATIONAL PUBLIC SCHOOL
425,6/14/2025,IBIS CA,NR2-HP-4127,HAMIRPUR - NR2-HP-4127-NEW GURUKUL INFOTECH
426,6/14/2025,IBIS CA,NR2-JK-4488,JAMMU - NR2-JK-4488-DIGITAL COMPUTER EDUCATION
427,6/14/2025,IBIS CA,WST-GJ-2541,AHMEDABAD - WST-GJ-2541-KAAVYARATNA INFO SERVICES_1
428,6/14/2025,IBIS CA,WST-GJ-2541,AHMEDABAD - WST-GJ-2541-KAAVYARATNA INFO SERVICES-1
429,6/14/2025,IBIS JA,NR2-PB-4473,AMRITSAR - NR2-PB-4473-KHALSA COLLEGE OF ENGINEERING AND TECHNOLOGY
430,6/14/2025,IBIS JA,NR2-RJ-4634,JODHPUR - NR2-RJ-4634-MARWAR INSTITUTE
431,6/14/2025,MUDRA,EST-WB-1430,KOLKATA - EST-WB-1430-NXTERA SERVICES PRIVATE LIMITED
432,6/14/2025,MUDRA,NR2-PB-4502,JALANDHAR - NR2-PB-4502-DAV INSTITUTE OF ENGINEERING AND TECHNOLOGY
433,6/14/2025,MUDRA,STH-AP-5696,KAKINADA - STH-AP-5696-SOFT TECHNOLOGIES
434,6/14/2025,MUDRA,STH-TS-5727,HYDERABAD - STH-TS-5727-THE INSTITUTION OF ELECTRONICS AND TELECOMMUNICATION ENGINEERS-IETE
435,6/14/2025,MUDRA,WST-MH-2235,PUNE - WST-MH-2235-VISHWAKARMA COLLEGE OF ARTS COMMERCE AND SCIENCE-VIIT
436,6/15/2025,BHARAT,NR1-BR-3237,MUZAFFARPUR - NR1-BR-3237-CAREER DIGITAL ZONE PVT LTD
437,6/15/2025,BHARAT,NR1-BR-3447,PATNA - NR1-BR-3447-TUNISH INFOTECH PVT LTD
438,6/15/2025,BHARAT,NR2-DL-4484,DELHI - NR2-DL-4484-SANGWAN ACADEMY_1
439,6/15/2025,BHARAT,NR2-DL-4484,DELHI - NR2-DL-4484-SANGWAN ACADEMY - 1
440,6/15/2025,BHARAT,NR2-PB-4505,CHANDIGARH - NR2-PB-4505-DELHI WORLD PUBLIC SCHOOL
441,6/15/2025,BHARAT,NR2-RJ-4575,JAIPUR - NR2-RJ-4575-JNM COLLEGE
442,6/15/2025,IBIS JA,NR2-JK-4353,RAJOURI - NR2-JK-4353-AL REHBAR INSTITUTE OF IT AND MANAGEMENT
443,6/15/2025,IBIS JA,NR2-JK-4699,JAMMU - NR2-JK-4699-FASTECH DIGITAL COMPUTER
444,6/15/2025,IBIS JA,NR2-RJ-4634,JODHPUR - NR2-RJ-4634-MARWAR INSTITUTE
445,6/15/2025,SHIKHAR CITS ENTRANCE,EST-WB-1144,KOLKATA - EST-WB-1144-PARC SUDHIR MEMORIAL INSTITUTE
446,6/15/2025,SHIKHAR CITS ENTRANCE,NR1-UP-1657,ALLAHABAD - NR1-UP-1657-STAR EXAM ZONE
447,6/15/2025,SHIKHAR CITS ENTRANCE,NR1-UP-3137,KANPUR - NR1-UP-3137-RCRD KANYA MAHAVIDYALAYA_2
448,6/15/2025,SHIKHAR CITS ENTRANCE,NR1-UP-3137,KANPUR - NR1-UP-3137-RCRD KANYA MAHAVIDYALAYA-2
449,6/15/2025,SHIKHAR CITS ENTRANCE,NR2-DL-4037,DELHI - NR2-DL-4037-KANGTO ASSESSMENT CENTRE
450,6/15/2025,SHIKHAR CITS ENTRANCE,NR2-RJ-4494,JAIPUR - NR2-RJ-4494-MAHATMA GANDHI COLLEGE OF PHARMACEUTICAL SCIENCES
451,6/21/2025,IBIS BCBF DRA,NR2-PB-4473,AMRITSAR - NR2-PB-4473-KHALSA COLLEGE OF ENGINEERING AND TECHNOLOGY
452,6/21/2025,IBIS BCBF DRA,NR2-PB-4502,JALANDHAR - NR2-PB-4502-DAV INSTITUTE OF ENGINEERING AND TECHNOLOGY
453,6/21/2025,IBIS BCBF DRA,NR2-RJ-4209,JODHPUR - NR2-RJ-4209-SHREE KIRTARAM SHIKSHAN SHANSTHAN
454,6/21/2025,IBIS BCBF DRA,STH-KL-5895,KOLLAM - STH-KL-5895-BISHOP JEROME INSTITUTE KOLLAM
455,6/21/2025,IBIS BCBF DRA,STH-TN-5139,CHENNAI - STH-TN-5139-PRAGYA TECHNOLOGIES
456,6/22/2025,BHARAT,EST-JH-1760,RANCHI - EST-JH-1760-SKYNEXT ONLINE SOLUTION
457,6/22/2025,BHARAT,NR1-BR-3237,MUZAFFARPUR - NR1-BR-3237-CAREER DIGITAL ZONE PVT LTD
458,6/22/2025,BHARAT,NR1-BR-3747,PATNA - NR1-BR-3747-RKR SOLUTIONS ONLINE EXAMINATION CENTRE
459,6/22/2025,BHARAT,NR2-DL-4047,DELHI - NR2-DL-4047-RAPID ONLINE SOLUTIONS_1
460,6/22/2025,BHARAT,NR2-DL-4047,DELHI - NR2-DL-4047-RAPID ONLINE SOLUTIONS - 1
461,6/22/2025,BHARAT,NR2-RJ-4561,JAIPUR - NR2-RJ-4561-NSEIT LIMITED - JAIPUR
462,6/22/2025,IBIS CA,EST-JH-1177,DALTONGANJ - EST-JH-1177-APTECH COMPUTER EDUCATION
463,6/22/2025,IBIS CA,NR2-CH-1489,CHANDIGARH - NR2-CH-1489-GSS INTERNATIONAL PUBLIC SCHOOL
464,6/22/2025,IBIS CA,NR2-HP-4127,HAMIRPUR - NR2-HP-4127-NEW GURUKUL INFOTECH
465,6/22/2025,IBIS CA,NR2-JK-4488,JAMMU - NR2-JK-4488-DIGITAL COMPUTER EDUCATION
466,6/22/2025,IBIS CA,NR2-PB-4523,BHATINDA - NR2-PB-4523-SSD GIRLS COLLEGE
467,6/27/2025,SHIKHAR ATS,EST-JH-1516,JAMSHEDPUR - EST-JH-1516-NOBEL SPHERE TECHNOLOGIES_1
468,6/27/2025,SHIKHAR ATS,EST-JH-1516,JAMSHEDPUR - EST-JH-1516-NOBEL SPHERE TECHNOLOGIES_2
469,6/27/2025,SHIKHAR ATS,EST-JH-1516,JAMSHEDPUR - EST-JH-1516-NOBEL SPHERE TECHNOLOGIES-1
470,6/27/2025,SHIKHAR ATS,EST-JH-1516,JAMSHEDPUR - EST-JH-1516-NOBEL SPHERE TECHNOLOGIES-2
471,6/27/2025,SHIKHAR ATS,EST-OR-1111,CUTTACK - EST-OR-1111-KTI FUTURE SOLUTION
472,6/27/2025,SHIKHAR ATS,NR2-DL-4504,WEST DELHI - NR2-DL-4504-MR BHARTI ASSESSMENTS
473,6/27/2025,SHIKHAR ATS,WST-MH-2243,THANE - WST-MH-2243-MBC IT PARK THANE
474,6/28/2025,AICITSS,NR2-DL-4504,DELHI - NR2-DL-4504-MR BHARTI ASSESSMENTS
475,6/28/2025,AICITSS,NR2-HR-1650,GURGAON - NR2-HR-1650-THE TESTHIVE HUB
476,6/28/2025,AICITSS,STH-KL-5717,ERNAKULAM - STH-KL-5717-MES AIMAT MARAMPALLY
477,6/28/2025,AICITSS,STH-TN-1718,CHENNAI - STH-TN-1718-S A COLLEGE OF ARTS AND SCIENCE
478,6/28/2025,AICITSS,STH-TN-5139,CHENNAI - STH-TN-5139-PRAGYA TECHNOLOGIES
479,6/28/2025,IBIS CA,EST-JH-1177,DALTONGANJ - EST-JH-1177-APTECH COMPUTER EDUCATION
480,6/28/2025,IBIS CA,NR2-CH-1489,CHANDIGARH - NR2-CH-1489-GSS INTERNATIONAL PUBLIC SCHOOL
481,6/28/2025,IBIS CA,NR2-JK-4488,JAMMU - NR2-JK-4488-DIGITAL COMPUTER EDUCATION
482,6/28/2025,IBIS CA,NR2-RJ-1731,SAWAI MADHOPUR - NR2-RJ-1731-DEV IT SKILL
483,6/28/2025,IBIS CA,NR2-RJ-4209,JODHPUR - NR2-RJ-4209-SHREE KIRTARAM SHIKSHAN SANTHAN
484,6/28/2025,MUDRA AICITSS,NR2-DL-4504,DELHI - NR2-DL-4504-MR BHARTI ASSESSMENTS
485,6/28/2025,MUDRA AICITSS,NR2-HR-1650,GURGAON - NR2-HR-1650-THE TESTHIVE HUB
486,6/28/2025,MUDRA AICITSS,STH-KL-5717,ERNAKULAM - STH-KL-5717-MES AIMAT MARAMPALLY
487,6/28/2025,MUDRA AICITSS,STH-TN-1718,CHENNAI - STH-TN-1718-S A COLLEGE OF ARTS AND SCIENCE
488,6/28/2025,MUDRA AICITSS,STH-TN-5139,CHENNAI - STH-TN-5139-PRAGYA TECHNOLOGIES
489,6/29/2025,IBIS CA,EST-JH-1177,DALTONGANJ - EST-JH-1177-APTECH COMPUTER EDUCATION
490,6/29/2025,IBIS CA,NR2-HP-4127,HAMIRPUR - NR2-HP-4127-NEW GURUKUL INFOTECH
491,6/29/2025,IBIS CA,NR2-RJ-1635,SIKAR - NR2-RJ-1635-JAN SHIKSHAN SANSTHAN
492,6/29/2025,IBIS CA,NR2-RJ-1731,SAWAI MADHOPUR - NR2-RJ-1731-DEV IT SKILL
493,6/29/2025,IBIS CA,NR2-RJ-4209,JODHPUR - NR2-RJ-4209-SHREE KIRTARAM SHIKSHAN SANTHAN
494,11/30/2025,IBIS CA,EST-JH-1177,DALTONGANJ - EST-JH-1177-APTECH COMPUTER EDUCATION
495,11/30/2025,IBIS CA,NR2-CH-4695,CHANDIGARH - NR2-CH-4695-AXIS NETWORKS
496,11/30/2025,IBIS CA,NR2-DL-1726,NEW DELHI - NR2-DL-1726-VINAYAK DIGITAL ZONE-1
497,11/30/2025,IBIS CA,NR2-DL-1726,NEW DELHI - NR2-DL-1726-VINAYAK DIGITAL ZONE-2
498,11/30/2025,IBIS CA,NR2-HR-4620,YAMUNANAGAR - NR2-HR-4620-LORD KRISHNA COLLEGE OF EDUCATION-AMBALA
499,11/30/2025,IBIS CA,NR2-RJ-1635,SIKAR - NR2-RJ-1635-JAN SHIKSHAN SANSTHAN
500,11/30/2025,IBIS CA,NR2-RJ-1731,SAWAI MADHOPUR - NR2-RJ-1731-DEV IT SKILL
501,11/30/2025,IBIS CA,NR2-RJ-4583,UDAIPUR - NR2-RJ-4583-SHRI BALAJI COLLEGE OF NURSING
502,11/30/2025,IBIS CA,NR2-RJ-4661,JODHPUR - NR2-RJ-4661-PRIME DREAM WEB SOLUTION
503,12/1/2025,MUDRA,NR2-DL-4526,DELHI NEW DELHI - NR2-DL-4526-NSEIT LIMITED - NEW DELHI
504,12/1/2025,MUDRA,STH-TN-5856,CHENNAI - STH-TN-5856-NSEIT LIMITED - CHENNAI
505,12/1/2025,MUDRA,STH-TS-5719,HYDERABAD - STH-TS-5719-NSEIT LIMITED - HYDERABAD - 1
506,12/1/2025,MUDRA,WST-MH-2684,MUMBAI - WST-MH-2684-NSEIT LIMITED - MUMBAI
507,12/7/2025,IBIS CA,EST-JH-1177,DALTONGANJ - EST-JH-1177-APTECH COMPUTER EDUCATION
508,12/7/2025,IBIS CA,NR2-RJ-1635,SIKAR - NR2-RJ-1635-JAN SHIKSHAN SANSTHAN
509,12/7/2025,IBIS CA,NR2-RJ-1731,SAWAI MADHOPUR - NR2-RJ-1731-DEV IT SKILL
510,12/7/2025,IBIS CA,NR2-RJ-4661,JODHPUR - NR2-RJ-4661-PRIME DREAM WEB SOLUTION
511,12/13/2025,IBIS CA,EST-JH-1177,DALTONGANJ - EST-JH-1177-APTECH COMPUTER EDUCATION
512,12/13/2025,IBIS CA,NR1-BR-3213,BEGUSARAI - NR1-BR-3213-JAY ONLINE SERVICES
513,12/13/2025,IBIS CA,NR2-JK-4353,RAJOURI - NR2-JK-4353-AL REHBAR INSTITUTE OF IT AND MANAGEMENT
514,12/13/2025,IBIS CA,NR2-RJ-1731,SAWAI MADHOPUR - NR2-RJ-1731-DEV IT SKILL
515,12/13/2025,IBIS CA,NR2-RJ-4583,UDAIPUR - NR2-RJ-4583-SHRI BALAJI COLLEGE OF NURSING
516,12/13/2025,IBIS CA,NR2-RJ-4661,JODHPUR - NR2-RJ-4661-PRIME DREAM WEB SOLUTION
517,12/14/2025,IBIS CA,EST-JH-1177,DALTONGANJ - EST-JH-1177-APTECH COMPUTER EDUCATION
518,12/14/2025,IBIS CA,NR1-BR-3213,BEGUSARAI - NR1-BR-3213-JAY ONLINE SERVICES
519,12/14/2025,IBIS CA,NR2-HR-4620,YAMUNANAGAR - NR2-HR-4620-LORD KRISHNA COLLEGE OF EDUCATION-AMBALA
520,12/14/2025,IBIS CA,NR2-JK-4353,RAJOURI - NR2-JK-4353-AL REHBAR INSTITUTE OF IT AND MANAGEMENT
521,12/14/2025,IBIS CA,NR2-PB-4473,AMRITSAR - NR2-PB-4473-KHALSA COLLEGE OF ENGINEERING AND TECHNOLOGY
522,12/14/2025,IBIS CA,NR2-RJ-1731,SAWAI MADHOPUR - NR2-RJ-1731-DEV IT SKILL
523,12/14/2025,IBIS CA,NR2-RJ-4583,UDAIPUR - NR2-RJ-4583-SHRI BALAJI COLLEGE OF NURSING
524,12/14/2025,IBIS CA,NR2-RJ-4661,JODHPUR - NR2-RJ-4661-PRIME DREAM WEB SOLUTION
525,12/21/2025,IBIS CA,EST-JH-1177,DALTONGANJ - EST-JH-1177-APTECH COMPUTER EDUCATION
526,12/21/2025,IBIS CA,NR2-HR-4620,YAMUNANAGAR - NR2-HR-4620-LORD KRISHNA COLLEGE OF EDUCATION-AMBALA
527,12/21/2025,IBIS CA,NR2-PB-4473,AMRITSAR - NR2-PB-4473-KHALSA COLLEGE OF ENGINEERING AND TECHNOLOGY
528,12/21/2025,IBIS CA,NR2-RJ-1731,SAWAI MADHOPUR - NR2-RJ-1731-DEV IT SKILL
529,12/21/2025,IBIS CA,NR2-RJ-4661,JODHPUR - NR2-RJ-4661-PRIME DREAM WEB SOLUTION
530,1/3/2026,IBIS BCBF DRA,NR1-BR-3026,PATNA - NR1-BR-3026-ROYAL SOLUTIONS ONLINE EXAMINATION CENTRE
531,1/3/2026,IBIS BCBF DRA,NR1-BR-3237,MUZAFFARPUR - NR1-BR-3237-CAREER DIGITAL ZONE PVT LTD
532,1/3/2026,IBIS BCBF DRA,NR1-UP-3150,LUCKNOW - NR1-UP-3150-MANAVTA MODEL PUBLIC INTER COLLEGE
533,1/3/2026,IBIS BCBF DRA,NR2-DL-4510,NEW DELHI - NR2-DL-4510-SHIKSHA BHARATI COLLEGE DWARKA - NEW DELHI
534,1/3/2026,IBIS BCBF DRA,STH-TN-5139,CHENNAI - STH-TN-5139-PRAGYA TECHNOLOGIES
535,1/3/2026,IBIS BCBF DRA,STH-TS-5996,HYDERABAD - STH-TS-5996-RD TECHNOLOGIES AND SOLUTIONS
536,1/3/2026,IBIS BCBF DRA,WST-CG-2009,BILASPUR CHH - WST-CG-2009-PREEYEM INFOTECH - ABHIYAN ACADEMY
537,1/3/2026,IBIS BCBF DRA,WST-CG-2026,RAIPUR - WST-CG-2026-TECHSOLVE DESIGNING AND GRAFIX SOLUTION
538,1/3/2026,IBIS BCBF DRA,WST-MH-2235,PUNE - WST-MH-2235-VISHWAKARMA COLLEGE OF ARTS COMMERCE AND SCIENCE - VIIT
539,1/3/2026,IBIS BCBF DRA,WST-MH-2634,MUMBAI - WST-MH-2634-SHAILENDRA EDUCATION SOCIETY - SESCOM IT COLLEGE
540,1/4/2026,IBIS DIP,STH-KA-5817,BENGALURU - STH-KA-5817-DEXIT GLOBAL LIMITED - BANGALORE
541,1/8/2026,MUDRA AICITSS,EST-AS-1420,GUWAHATI - EST-AS-1420-DEXIT GLOBAL LIMITED - GUWAHATI
542,1/8/2026,MUDRA AICITSS,NR2-DL-4047,DELHI - NR2-DL-4047-RAPID ONLINE SOLUTIONS
543,1/8/2026,MUDRA AICITSS,STH-TN-6062,CHENNAI - STH-TN-6062-PRAGYA D2K TECHNOLOGIES
544,1/8/2026,MUDRA AICITSS,WST-MH-2199,AURANGABAD - WST-MH-2199-BYTEZS INFOTECH
545,1/8/2026,MUDRA AICITSS,WST-MH-2235,PUNE - WST-MH-2235-VISHWAKARMA COLLEGE OF ARTS COMMERCE AND SCIENCE - VIIT
546,1/11/2026,IBIS DIP,NR1-UP-3562,KANPUR - NR1-UP-3562-DEXIT GLOBAL LIMITED - KANPUR
547,1/11/2026,IBIS DIP,NR2-RJ-4565,JODHPUR - NR2-RJ-4565-DEXIT GLOBAL LIMITED - JODHPUR
548,1/11/2026,IBIS DIP,STH-AP-5758,TIRUPATI - STH-AP-5758-DEXIT GLOBAL LIMITED - TIRUPATHI
549,1/11/2026,IBIS DIP,STH-TN-1670,COIMBATORE - STH-TN-1670-DEXIT GLOBAL LIMITED - COIMBATORE
550,1/11/2026,IBIS DIP,STH-TN-5856,CHENNAI - STH-TN-5856-DEXIT GLOBAL LIMITED - CHENNAI
551,1/11/2026,IBIS DIP,STH-TS-5717,WARANGAL HASANPARTHY - STH-TS-5717-DEXIT GLOBAL LIMITED - WARANGAL
552,1/11/2026,IBIS DIP,WST-MH-2684,MUMBAI - WST-MH-2684-DEXIT GLOBAL LIMITED - MUMBAI-ANDHERI
553,1/11/2026,IBIS DIP,WST-MH-2685,PUNE - WST-MH-2685-DEXIT GLOBAL LIMITED - PUNE
554,1/11/2026,IBIS DIP,WST-MH-2688,AURANGABAD - WST-MH-2688-DEXIT GLOBAL LIMITED - AURANGABAD
555,1/11/2026,IBIS DIP,WST-MH-2690,NAVI MUMBAI - WST-MH-2690-DEXIT GLOBAL LIMITED - NAVI MUMBAI
556,1/11/2026,LAKSHYA,STH-TS-5760,HYDERABAD - STH-TS-5760-CMR TECHNICAL CAMPUS-2
557,1/11/2026,LAKSHYA,STH-TS-6068,HYDERABAD - STH-TS-6068-CMR ENGINEERING COLLEGE-2
558,1/18/2026,IBIS DIP,EST-JH-1393,DHANBAD - EST-JH-1393-DEXIT GLOBAL LIMITED - DHANBAD
559,1/18/2026,IBIS DIP,NR1-UP-3552,MEERUT - NR1-UP-3552-DEXIT GLOBAL LIMITED - MEERUT
560,1/18/2026,IBIS DIP,NR1-UP-3557,MORADABAD - NR1-UP-3557-DEXIT GLOBAL LIMITED - MORADABAD
561,1/18/2026,IBIS DIP,NR1-UP-3562,KANPUR - NR1-UP-3562-DEXIT GLOBAL LIMITED - KANPUR
562,1/18/2026,IBIS DIP,NR2-DL-4526,NEW DELHI - NR2-DL-4526-DEXIT GLOBAL LIMITED - NEW DELHI
563,1/18/2026,IBIS DIP,NR2-PB-4514,CHANDIGARH - NR2-PB-4514-DEXIT GLOBAL LIMITED - CHANDIGARH
564,1/18/2026,IBIS DIP,STH-AP-5751,VISAKHAPATNAM - STH-AP-5751-DEXIT GLOBAL LIMITED - VIZAG
565,1/18/2026,IBIS DIP,STH-AP-5752,RAJAHMUNDRY - STH-AP-5752-DEXIT GLOBAL LIMITED - RAJAHMUNDRY
566,1/18/2026,IBIS DIP,STH-AP-5760,KURNOOL - STH-AP-5760-DEXIT GLOBAL LIMITED - KURNOOL
567,1/18/2026,IBIS DIP,WST-MP-2596,GWALIOR - WST-MP-2596-DEXIT GLOBAL LIMITED - GWALIOR
568,1/21/2026,TANGO EX-SERVICEMEN'S WELFARE,STH-TN-5854,TIRUNELVELI - STH-TN-5854-EP INFOTECH
569,1/25/2026,CROWN,STH-KA-5036,BENGALURU - STH-KA-5036-REVEREND TECHNOLOGIES PVT LTD
570,1/25/2026,CROWN,STH-KA-5754,BENGALURU - STH-KA-5754-MILESTONE TECHNOLOGIES
571,1/25/2026,CROWN,STH-KA-5805,MANGALORE - STH-KA-5805-DEXIT GLOBAL LIMITED - MANGALORE
572,1/25/2026,CROWN,STH-KA-5902,MYSORE - STH-KA-5902-SAHAR SKILL DEVELOPMENT CENTRE
573,1/25/2026,CROWN,WST-MH-2684,MUMBAI - WST-MH-2684-DEXIT GLOBAL LIMITED - MUMBAI ANDHERI
574,1/25/2026,TANGO ASSISTANT SURGEON(GENERAL),STH-TN-1610,COIMBATORE - STH-TN-1610-DR. N.G.P ARTS AND SCIENCE COLLEGE - AUTONOMOUS - 1
575,1/25/2026,TANGO ASSISTANT SURGEON(GENERAL),STH-TN-1718,TIRUVALLUR - STH-TN-1718-S.A. COLLEGE OF ARTS AND SCIENCE
576,1/25/2026,TANGO ASSISTANT SURGEON(GENERAL),STH-TN-5142,TIRUVALLUR - STH-TN-5142-S.A ENGINEERING COLLEGE - 2
577,1/25/2026,TANGO ASSISTANT SURGEON(GENERAL),STH-TN-5154,COIMBATORE - STH-TN-5154-KARUNYA INSTITUTE OF TECHNOLOGY AND SCIENCES - 1
578,1/25/2026,TANGO ASSISTANT SURGEON(GENERAL),STH-TN-5238,SALEM - STH-TN-5238-SRI SESHAAS INTERNATIONAL SCHOOL
579,1/25/2026,TANGO ASSISTANT SURGEON(GENERAL),STH-TN-5281,TIRUNELVELI - STH-TN-5281-ANNA UNIVERSITY REGIONAL CAMPUS - TIRUNELVELI
580,1/25/2026,TANGO ASSISTANT SURGEON(GENERAL),STH-TN-5712,ERODE - STH-TN-5712-SHREE VENKATESHWARA HI-TECH ENGINEERING COLLEGE
581,1/25/2026,TANGO ASSISTANT SURGEON(GENERAL),STH-TN-6062,CHENNAI - STH-TN-6062-PRAGYA D2K TECHNOLOGIES - 1
582,1/25/2026,TANGO ASSISTANT SURGEON(GENERAL),STH-TN-6069,COIMBATORE - STH-TN-6069-UNIQUE TECHNOLOGIES AND CONSULTANCY PVT LTD
583,1/25/2026,TANGO ASSISTANT SURGEON(GENERAL),STH-TN-6078,COIMBATORE - STH-TN-6078-KOVAI KALAIMAGAL COLLEGE OF ARTS AND SCIENCE
584,1/25/2026,TANGO HEAL-ASSQ,STH-TN-1718,TIRUVALLUR - STH-TN-1718-S.A. COLLEGE OF ARTS AND SCIENCE
585,1/25/2026,TANGO HEAL-ASSQ,STH-TN-5139,CHENNAI - STH-TN-5139-PRAGYA TECHNOLOGIES - 1
586,1/25/2026,TANGO HEAL-ASSQ,STH-TN-5139,CHENNAI - STH-TN-5139-PRAGYA TECHNOLOGIES - 2
587,1/25/2026,TANGO HEAL-ASSQ,STH-TN-6062,CHENNAI - STH-TN-6062-PRAGYA D2K TECHNOLOGIES - 1
588,1/25/2026,TANGO HEAL-ASSQ,STH-TN-6062,CHENNAI - STH-TN-6062-PRAGYA D2K TECHNOLOGIES - 2
589,1/31/2026,TANGO HEAL-SQE,STH-TN-6062,CHENNAI - STH-TN-6062-PRAGYA D2K TECHNOLOGIES
590,-,#N/A,NR2-PB-4692,-
591,2/7/2026,IBIS BCBF DRA,NR2-RJ-4505,JAIPUR - NR2-RJ-4505-RS MEMORIAL INSTITUTE OF TECHNOLOGY - B BLOCK
592,2/8/2026,MUDRA AICITSS,NR2-DL-4033,DELHI - NR2-DL-4033-GURU HARGOBIND INSTITUTE OF MANAGEMENT AND INFORMATION TECHNOLOGY
593,2/15/2026,CROWN,STH-KA-5335,BENGALURU - STH-KA-5335-DATASCRIBE CONSULTANCY SERVICES
594,2/26/2026,SHIKHAR ATS,NR2-DL-4033,DELHI - NR2-DL-4033-GURU HARGOBIND INSTITUTE OF MANAGEMENT AND INFORMATION TECHNOLOGY
595,2/15/2026,BHARAT,NR2-DL-4510,DELHI - NR2-DL-4510-SHIKSHA BHARATI COLLEGE - DWARKA - NEW DELHI
596,2/4/2026,Tango SPOTY,STH-TN-5139,CHENNAI - STH-TN-5139-PRAGYA TECHNOLOGIES
597,2/14/2026,SHIKHAR CITS,NR2-HR-4745,HISAR - NR2-HR-4745-SARASWATI COLLEGE OF EDUCATION AND SKILL CENTRE
598,2/7/2026,Mudra ISAAT,STH-AP-6057,VISAKHAPATNAM - STH-AP-6057-NARASIMHA INFOTECH
599,2/7/2026,IBIS BCBF DRA,WST-MH-2634,MUMBAI - WST-MH-2634-SHAILENDRA EDUCATION SOCIETY - SESCOM IT COLLEGE
600,2/8/2026,MUDRA AICITSS,NR1-UP-3787,KANPUR - NR1-UP-3787-ALLENHOUSE INSTITUTE OF TECHNOLOGY
601,2/15/2026,CROWN,STH-KA-5817,BENGALURU - STH-KA-5817-DEXIT GLOBAL LIMITED - BENGALURU
602,2/26/2026,SHIKHAR ATS,EST-OR-1100,CUTTACK - EST-OR-1100-SRI GURU ITI
603,2/15/2026,BHARAT,WST-MH-2710,PUNE - WST-MH-2710-BHARATI VIDYAPEETH DEEMED TO BE UNIVERSITY INST OF MGNT AND ENTREP DEV
604,2/14/2026,SHIKHAR CITS,NR2-PB-4367,FAZILKA - NR2-PB-4367-GOVERMENT INDUSTRIAL TRAINING INSTITUTE JALALABAD-TBX
605,2/7/2026,Mudra ISAAT,STH-TN-1610,COIMBATORE - STH-TN-1610-DR NGP ARTS AND SCIENCE COLLEGE-AUTONOMOUS
606,2/7/2026,IBIS BCBF DRA,NR2-DL-4033,NEW DELHI - NR2-DL-4033-GURU HARGOBIND INSTITUTE OF MANAGEMENT AND INFORMATION TECHNOLOGY
607,2/8/2026,MUDRA AICITSS,STH-KL-5064,ERNAKULAM - STH-KL-5064-RAJAGIRI SCHOOL OF ENGINEERING AND TECHNOLOGY
608,2/15/2026,CROWN,STH-KA-5804,BELGAUM - STH-KA-5804-DEXIT GLOBAL LIMITED - BELGAUM
609,2/26/2026,SHIKHAR ATS,WST-MH-2734,NAGPUR - WST-MH-2734-SHRI SAI COLLEGE
610,2/15/2026,BHARAT,EST-JH-1046,JAMSHEDPUR - EST-JH-1046-NATIONAL INSTITUTE OF EXCELLENCE
611,2/14/2026,SHIKHAR CITS,NR2-PB-4763,BATHINDA - NR2-PB-4763-DIFFERENT CONVENT SCHOOL
612,2/7/2026,Mudra ISAAT,STH-KA-6016,BENGALURU - STH-KA-6016-FOUR TUNE TECH SOLUTIONS
613,2/7/2026,IBIS BCBF DRA,NR1-BR-3237,MUZAFFARPUR - NR1-BR-3237-CAREER DIGITAL ZONE PVT LTD
614,2/8/2026,MUDRA AICITSS,STH-TN-1718,CHENNAI - STH-TN-1718-S A COLLEGE OF ARTS AND SCIENCE
615,2/15/2026,CROWN,EST-OR-1466,BHUBANESWAR - EST-OR-1466-DEXIT GLOBAL LIMITED - BHUBANESHWAR
616,2/26/2026,SHIKHAR ATS,STH-TN-1731,CHENNAI - STH-TN-1731-UNILEAN TESTING CENTRE PVT LTD-UTC
617,2/15/2026,BHARAT,WST-CG-2545,BILASPUR - WST-CG-2545-DEXIT GLOBAL LIMITED - BILASPUR
618,2/14/2026,SHIKHAR CITS,NR2-RJ-4231,GANGANAGAR - NR2-RJ-4231-SURENDERA GROUP OF INSTITUTION
619,2/7/2026,Mudra ISAAT,NR2-RJ-4494,JAIPUR - NR2-RJ-4494-MAHATMA GANDHI COLLEGE OF PHARMACEUTICAL SCIENCES
620,2/7/2026,IBIS BCBF DRA,WST-CG-2009,BILASPUR CHH - WST-CG-2009-PREEYEM INFOTECH - ABHIYAN ACADEMY
621,2/8/2026,MUDRA AICITSS,STH-KA-5759,BENGALURU - STH-KA-5759-SRI VENKATESHWARA COLLEGE OF ENGINEERING - 1
622,2/15/2026,CROWN,WST-MH-2684,MUMBAI - WST-MH-2684-DEXIT GLOBAL LIMITED - MUMBAI ANDHERI
623,2/26/2026,SHIKHAR ATS,EST-JH-1045,JAMSHEDPUR - EST-JH-1045-INSTITUTE FOR EDUCATION
624,2/15/2026,BHARAT,WST-MH-2664,NAVI MUMBAI - WST-MH-2664-BHARATI VIDYAPEETH DEEMED TO BE UNIVERSITY DEPT OF ENGG AND TECH
625,2/14/2026,SHIKHAR CITS,NR2-RJ-4709,JODHPUR - NR2-RJ-4709-ADHYA INFOTECH
626,2/7/2026,Mudra ISAAT,NR1-UP-3150,LUCKNOW - NR1-UP-3150-MANAVTA MODEL PUBLIC INTER COLLEGE
627,2/7/2026,IBIS BCBF DRA,WST-CG-2026,RAIPUR - WST-CG-2026-TECHSOLVE DESIGNING AND GRAFIX SOLUTION
628,2/8/2026,MUDRA AICITSS,EST-WB-1782,KOLKATA - EST-WB-1782-TECHNOFIX ONLINE EXAMINATION CENTER
629,2/7/2026,Mudra ISAAT,STH-KA-6012,BELGAUM - STH-KA-6012-INFOJIVA IT SERVICES LLP
630,2/7/2026,IBIS BCBF DRA,NR2-JK-4482,SRINAGAR - NR2-JK-4482-AL AMEEN CHINAR VALLEY SENIOR SECONDARY SCHOOL
631,2/8/2026,MUDRA AICITSS,STH-TN-6078,COIMBATORE - STH-TN-6078-KOVAI KALAIMAGAL COLLEGE OF ARTS AND SCIENCE
632,2/7/2026,IBIS BCBF DRA,WST-MH-1734,MUMBAI - WST-MH-1734-INFOSPARK K B PATIL INTERNATIONAL SCHOOL AND JR COLLEGE
633,2/7/2026,IBIS BCBF DRA,EST-WB-1782,KOLKATA - EST-WB-1782-TECHNOFIX ONLINE EXAMINATION CENTER
634,2/7/2026,IBIS BCBF DRA,WST-MH-2635,NAVI MUMBAI - WST-MH-2635-FR CONCEICAO RODRIGUES INSTITUTE OF TECHNOLOGY
