exam_name,centre_name,dms_code,exam_date
MUDRA,KOLKATA - EST-WB-1430-NXTERA SERVICES PRIVATE LIMITED,EST-WB-1430,6/14/2024
MUDRA,JALANDHAR - NR2-PB-4502-DAV INSTITUTE OF ENGINEERING AND TECHNOLOGY,NR2-PB-4502,6/14/2024
MUDRA,KAKINADA - STH-AP-5696-SOFT TECHNOLOGIES,STH-AP-5696,6/14/2024
MUDRA,HYDERABAD - STH-TS-5727-THE INSTITUTION OF ELECTRONICS AND TELECOMMUNICATION ENGINEERS-IETE,STH-TS-5727,6/14/2024
MUDRA,PUNE - WST-MH-2235-VISHWAKARMA COLLEGE OF ARTS COMMERCE AND SCIENCE-VIIT,WST-MH-2235,6/14/2024
IBIS JA,MOTIHARI - NR1-BR-3234-ARUSH ANAND INFOTECH,NR1-BR-3234,6/16/2024
IBIS JA,ROHTAK - NR2-HR-4592-DM ONLINE EXAMINATION CENTER,NR2-HR-4592,6/16/2024
IBIS JA,JAMMU - NR2-JK-4488-DIGITAL COMPUTER EDUCATION,NR2-JK-4488,6/16/2024
IBIS JA,JALANDHAR - NR2-PB-4501-TRINITY COLLEGE,NR2-PB-4501,6/16/2024
MUDRA,BANGALORE - STH-KA-5034- E MERIT - RT NAGAR,STH-KA-5034,6/16/2024
MUDRA,AHMEDABAD - WST-GJ-2030-ALL INDIA INSTITUTE OF LOCAL SELF GOVERNMENT-AHMEDABAD,WST-GJ-2030,6/16/2024
MUDRA,BANGALORE - E PAREEKSHA,STH-KA-5035,6/21/2024
MUDRA,RAIGARH CG - UTTAM MEMORIAL COLLEGE,WST-CG-2500,6/21/2024
MUDRA,THANE - MBC-THANE,WST-MH-2243,6/21/2024
MUDRA,THANE - MBC-THANE,WST-MH-2745,6/21/2024
IBIS JA,MOTIHARI - NR1-BR-3234-ARUSH ANAND INFOTECH,NR1-BR-3234,6/22/2024
IBIS JA,CHANDIGARH - NR2-CH-1489-GSS INTERNATIONAL PUBLIC SCHOOL,NR2-CH-1489,6/22/2024
IBIS JA,NEW DELHI - NR2-DL-4519-NEW OXFORD PUBLIC SCHOOL_1,NR2-DL-4519,6/22/2024
IBIS JA,NEW DELHI - NR2-DL-4519-NEW OXFORD PUBLIC SCHOOL-1,NR2-DL-4519,6/22/2024
IBIS JA,ROHTAK - NR2-HR-4592-DM ONLINE EXAMINATION CENTER,NR2-HR-4592,6/22/2024
IBIS JA,MUMBAI - WST-MH-2464-BABASAHEB GAWDE INSTITUTE OF TECHNOLOGY,WST-MH-2464,6/22/2024
BHARAT,NAVI MUMBAI - WST-MH-2664-BHARATI VIDYAPEETH DEEMED TO BE UNIVERSITY DEPARTMENT OF ENGIN AND TECH,WST-MH-2664,6/23/2024
BHARAT,PUNE - WST-MH-2746-AJEENKYA DY PATIL COLLEGE OF ENGINEERING,WST-MH-2746,6/23/2024
BHARAT,PUNE - WST-MH-2750-NOVA CONSULTANCY SERVICES_2,WST-MH-2750,6/23/2024
BHARAT,PUNE - WST-MH-2750-NOVA CONSULTANCY SERVICES_1,WST-MH-2750,6/23/2024
BHARAT,PUNE - WST-MH-2750-NOVA CONSULTANCY SERVICES-2,WST-MH-2750,6/23/2024
BHARAT,PUNE - WST-MH-2750-NOVA CONSULTANCY SERVICES-1,WST-MH-2750,6/23/2024
NARMADA ICAR,NOIDA - NR1-UP-3516-NTA EXAM CENTRE_A1,NR1-UP-3516,6/29/2024
NARMADA ICAR,NOIDA - NR1-UP-3516-NTA EXAM CENTRE-A1,NR1-UP-3516,6/29/2024
NARMADA ICAR,DEHRADUN - NR2-UK-4483-INSTITUTE OF TECHNOLOGY AND MANAGEMENT,NR2-UK-4483,6/29/2024
NARMADA ICAR,VIJAYAWADA - STH-AP-5022-LAXMI BALAJI COMPUTERS,STH-AP-5022,6/29/2024
NARMADA ICAR,JALGAON - WST-MH-2207-KCES COLLEGE OF ENGINEERING AND MANAGEMENT,WST-MH-2207,6/29/2024
NARMADA ICAR,JABALPUR - WST-MP-2147-LAKSHMI NARAIN COLLEGE OF TECHNOLOGY-LNCT_1,WST-MP-2147,6/29/2024
NARMADA ICAR,JABALPUR - WST-MP-2147-LAKSHMI NARAIN COLLEGE OF TECHNOLOGY-LNCT-1,WST-MP-2147,6/29/2024
BHARAT,KOLKATA - EST-WB-1445-NSEIT LIMITED - KOLKATA,EST-WB-1445,6/30/2024
BHARAT,CHENNAI - STH-TN-5856-NSEIT LIMITED - CHENNAI,STH-TN-5856,6/30/2024
BHARAT,MUMBAI - WST-MH-2684-NSEIT LIMITED NA MUMBAI,WST-MH-2684,6/30/2024
BHARAT,PUNE - WST-MH-2710-BHARATI VIDYAPEETH DEEMED TO BE UNIVERSITY INST OF MANAG AND ENTREPRE DEVE,WST-MH-2710,6/30/2024
MUDRA,MEERUT - NR1-UP-3552-NSEIT LIMITED - MEERUT,NR1-UP-3552,7/1/2024
MUDRA,GURUGRAM - NR2-HR-4098-DPG DEGREE COLLEGE - BLOCK-D,NR2-HR-4098,7/1/2024
MUDRA,SURAT - WST-GJ-2581-NSEIT LIMITED - SURAT,WST-GJ-2581,7/1/2024
MUDRA,THANE - WST-MH-2243-MBC-THANE,WST-MH-2243,7/1/2024
IBIS CA,DARBHANGA - NR1-BR-3017-MANGLAM INFOSOL,NR1-BR-3017,7/7/2024
IBIS CA,PATNA - NR1-BR-3590-MANGAL MURTI ONLINE EXAMINATION,NR1-BR-3590,7/7/2024
IBIS CA,CHANDIGARH - NR2-CH-1489-GSS INTERNATIONAL PUBLIC SCHOOL,NR2-CH-1489,7/7/2024
IBIS CA,ROHTAK - NR2-HR-4592-DM ONLINE EXAMINATION CENTER,NR2-HR-4592,7/7/2024
IBIS CA,PATIALA - NR2-PB-4512-SHRI GURU HARKISHAN COLLEGE OF MGT AND TECH ONLINE EXAMINATION CENTRE,NR2-PB-4512,7/7/2024
SILVER,KURNOOL - STH-AP-5014-SANDEEPANI EDUCATIONAL SOCIETY,STH-AP-5014,7/7/2024
SHIKHAR ATS,JAMSHEDPUR - EST-JH-1044-DBMS CAREER ACEDEMY,EST-JH-1044,7/9/2024
SHIKHAR ATS,BOKARO - EST-JH-1403-RR TECHNOLOGY,EST-JH-1403,7/9/2024
SHIKHAR ATS,KOLKATA - EST-WB-1420-TALENIQ TECHNOLOGIES PVT LTD,EST-WB-1420,7/9/2024
SHIKHAR ATS,GURUGRAM - NR2-HR-4098-DPG DEGREE COLLEGE-BLOCK-D,NR2-HR-4098,7/9/2024
SHIKHAR ATS,CHENNAI - STH-TN-5853-MOHAMMED SATHAK AJ COLLEGE OF ENGINEERING,STH-TN-5853,7/9/2024
NARMADA NCET,PATNA - NR1-BR-3627-HAANSA EDUCOM PRIVATE LIMITED,NR1-BR-3627,7/10/2024
NARMADA NCET,CHANDIGARH - NR2-CH-4281-CHANDIGARH UNIVERSITY_2,NR2-CH-4281,7/10/2024
NARMADA NCET,CHANDIGARH - NR2-CH-4281-CHANDIGARH UNIVERSITY-2,NR2-CH-4281,7/10/2024
NARMADA NCET,CHANDIGARH - NR2-PB-4505-DELHI WORLD PUBLIC SCHOOL_1,NR2-PB-4505,7/10/2024
NARMADA NCET,CHANDIGARH - NR2-PB-4505-DELHI WORLD PUBLIC SCHOOL-1,NR2-PB-4505,7/10/2024
NARMADA NCET,KOTA - NR2-RJ-4513-GURUKUL INSTITUTE OF ENGINEERING AND TECHNOLOGY,NR2-RJ-4513,7/10/2024
NARMADA NCET,TIRUCHIRAPPALLI - STH-TN-5878-AGN INFOSYSTEM,STH-TN-5878,7/10/2024
IBIS CA,ARRAH - NR1-BR-3002-ARANYA ONLINE SERVICES PVT LTD,NR1-BR-3002,7/13/2024
IBIS CA,DARBHANGA - NR1-BR-3017-MANGLAM INFOSOL,NR1-BR-3017,7/13/2024
IBIS CA,PATNA - NR1-BR-3590-MANGAL MURTI ONLINE EXAMINATION,NR1-BR-3590,7/13/2024
IBIS CA,CHANDIGARH - NR2-CH-1489-GSS INTERNATIONAL PUBLIC SCHOOL,NR2-CH-1489,7/13/2024
IBIS CA,NAVI MUMBAI - WST-MH-2635-FATHER CONCEICAO RODRIGUES INSTITUTE OF TECHNOLOGY_2,WST-MH-2635,7/13/2024
IBIS CA,NAVI MUMBAI - WST-MH-2635-FATHER CONCEICAO RODRIGUES INSTITUTE OF TECHNOLOGY-2,WST-MH-2635,7/13/2024
IBIS CA,ARRAH - NR1-BR-3002-ARANYA ONLINE SERVICES PVT LTD,NR1-BR-3002,7/14/2024
IBIS CA,DARBHANGA - NR1-BR-3017-MANGLAM INFOSOL,NR1-BR-3017,7/14/2024
IBIS CA,CHANDIGARH - NR2-CH-1489-GSS INTERNATIONAL PUBLIC SCHOOL,NR2-CH-1489,7/14/2024
IBIS CA,ROHTAK - NR2-HR-4592-DM ONLINE EXAMINATION CENTER,NR2-HR-4592,7/14/2024
IBIS CA,BIKANER - NR2-RJ-4518-BIKANER INSTITUTE OF TECHNICAL STUDIES,NR2-RJ-4518,7/14/2024
IBIS BCBF DRA,CHANDIGARH - NR2-CH-1489-G.S.S INTERNATIONAL PUBLIC SCHOOL ONLINE EXAMINATION CENTER,NR2-CH-1489,7/20/2024
IBIS BCBF DRA,LUDHIANA 0 NR20PB043780LUDHIANA TRADE CENTRE,NR2-PB-4378,7/20/2024
IBIS BCBF DRA,JAIPUR 0 NR20RJ044940IRIS COLLEGE,NR2-RJ-4494,7/20/2024
IBIS BCBF DRA,AJMER 0 NR20RJ045770ADITYA POLYTECHNIC COLLEGE ONLINE EXAM CENTER,NR2-RJ-4577,7/20/2024
IBIS BCBF DRA,BENGALURU 0 STH0KA057590SRI VENKATESWARA COLLEGE OF ENGINEERING 0 BNGLR,STH-KA-5759,7/20/2024
IBIS CA,AZAMGARH - NR1-UP-3255-MICROKING TRAINING AND RESEARCH ENGINEERING INSTITUTE,NR1-UP-3255,7/21/2024
IBIS CA,CHANDIGARH 0 NR20CH014890GSS INTERNATIONAL PUBLIC SCHOOL,NR2-CH-1489,7/21/2024
IBIS CA,PATIALA 0 NR20PB045120SHRI GURU HARKISHAN COLLEGE OF MGT AND TECH ONLINE EXAMINATION CENTRE,NR2-PB-4512,7/21/2024
NARMADA UGC CSIR,DARBHANGA 0 NR10BR032320EDUCA ONE,NR1-BR-3232,7/25/2024
NARMADA UGC CSIR,PATNA - NR1-BR-3621-ARADHYA ONLINE EXAMINATION CENTER,NR1-BR-3621,7/25/2024
NARMADA UGC CSIR,NOIDA 0 NR10UP035160NTA EXAM CENTRE 0C4,NR1-UP-3516,7/25/2024
NARMADA UGC CSIR,SANGRUR 0 NR20PB044460DIGITAL COMPUTING,NR2-PB-4446,7/25/2024
NARMADA UGC CSIR,SAGAR 0 WST0MP021710ADINA INSTITUTE OF SCIENCE AND TECHNOLOGY,WST-MP-2171,7/25/2024
IBIS CA,ARRAH 0 NR10BR030020ARANYA ONLINE SERVICES PVT LTD,NR1-BR-3002,7/27/2024
IBIS CA,DARBHANGA 0 NR10BR030170MANGLAM INFOSOL,NR1-BR-3017,7/27/2024
IBIS CA,BEGUSARAI 0 NR10BR032130JAY ONLINE SERVICES,NR1-BR-3213,7/27/2024
IBIS CA,GHAZIABAD 0 NR10UP035880DIAMOND PUBLIC SCHOOL,NR1-UP-3588,7/27/2024
IBIS CA,AHMEDABAD - WST-GJ-2541-KAVYARATNA INFO SERVICES_1,WST-GJ-2541,7/27/2024
IBIS CA,AHMEDABAD - WST-GJ-2541-KAVYARATNA INFO SERVICES-1,WST-GJ-2541,7/27/2024
MUDRA,DELHI NEW DELHI 0 NR20DL045260NSEIT LIMITED 0 NEW DELHI,NR2-DL-4526,7/31/2024
MUDRA,NOIDA 0 NR20UP036130NSEIT LIMITED 0 NOIDA,NR2-UP-3613,7/31/2024
MUDRA,THANE - WST-MH-2243-MBC-THANE,WST-MH-2243,7/31/2024
MUDRA,MUMBAI 0 WST0MH026840NSEIT LIMITED 0 MUMBAI,WST-MH-2684,7/31/2024
MUDRA,VASAI 0 WST0MH027660SM ASSESSMENT CENTER,WST-MH-2766,7/31/2024
SHIKHAR CITS,KANPUR NAGAR 0 NR10UP031370RCRD KANYA MAHAVIDYALAYA 0 1,NR1-UP-3137,7/31/2024
SHIKHAR CITS,CHANDIGARH 0 NR20CH042830VALIANT WEB WORLD,NR2-CH-4283,7/31/2024
SHIKHAR CITS,NEW DELHI 0 NR20DL040470RAPID ONLINE SOLUTIONS 0 2,NR2-DL-4047,7/31/2024
SHIKHAR CITS,KARNAL 0 NR20HR041090BUDDHA COLLEGE OF EDUCATION,NR2-HR-4109,7/31/2024
SHIKHAR CITS,JAIPUR - NR2-RJ-4525-IT INFRA SERVICES,NR2-RJ-4525,7/31/2024
IBIS DIP,GUWAHATI NA ESTNAASNA1420NANSEIT LIMITED NA GUWAHATI,EST-AS-1420,8/4/2024
IBIS DIP,NOIDA GAUTAM BUDH NAGAR NA NR2NAUPNA3613NANSEIT LIMITED NA NOIDA,NR2-UP-3613,8/4/2024
IBIS DIP,BENGALURU NA STHNAKANA5754NAMILESTONE TECHNOLOGIES,STH-KA-5754,8/4/2024
IBIS DIP,THIRUVANANTHAPURAM NA STHNAKLNA5744NANSEIT LIMITED NA THIRUVANANTHAPURAM,STH-KL-5744,8/4/2024
IBIS DIP,INDORE NA WSTNAMPNA2585NANSEIT LIMITED NA INDORE,WST-MP-2585,8/4/2024
SHIKHAR CITS,KANPUR NA NR1NAUPNA3137NARCRD KANYA MAHAVIDYALAYA NA 1,NR1-UP-3137,8/4/2024
SHIKHAR CITS,CHANDIGARH NA NR2NACHNA4283NAVALIANT WEB WORLD,NR2-CH-4283,8/4/2024
SHIKHAR CITS,DELHI NA NR2NADLNA4039NAMAFINGA ASSESSMENT CENTRE NA 2,NR2-DL-4039,8/4/2024
SHIKHAR CITS,JAIPUR NA NR2NARJNA4494NAMAHATMA GANDHI COLLEGE OF PHARMACEUTICAL SCIENCES,NR2-RJ-4494,8/4/2024
SHIKHAR CITS,JAIPUR NA NR2NARJNA4525NAIT INFRA SERVICES,NR2-RJ-4525,8/4/2024
IBIS BCBF DRA,GUWAHATI - EST-AS-1NANA5-FUTURE TECH EDUCATION,EST-AS-1005,8/17/2024
IBIS BCBF DRA,DURGAPUR - EST-WB-1434-NSEIT LIMITED - DURGAPUR,EST-WB-1434,8/17/2024
IBIS BCBF DRA,GORAKHPUR - NR1-UP-352NA-NKA DIGITAL CENTRE,NR1-UP-3520,8/17/2024
IBIS BCBF DRA,GORAKHPUR - NR1-UP-3520-NKA DIGITAL CENTRE,NR1-UP-3520,8/17/2024
IBIS BCBF DRA,CHANDIGARH - NR2-CH-1489-GSS INTERNATIONAL PUBLIC SCHOOL,NR2-CH-1489,8/17/2024
IBIS BCBF DRA,BENGALURU - STH-KA-5NA35-E PAREEKSHA,STH-KA-5035,8/17/2024
IBIS DIP,MEERUT - NR1-UP-3552-NSEIT LIMITED - MEERUT,NR1-UP-3552,8/18/2024
IBIS DIP,ALIGARH - NR1-UP-3558-NSEIT LIMITED - ALIGARH,NR1-UP-3558,8/18/2024
IBIS DIP,TIRUCHIRAPPALLI - STH-TN-5859-NSEIT LIMITED - TRICHY,STH-TN-5859,8/18/2024
IBIS DIP,HYDERABAD - STH-TS-5727-THE INSTITUTION OF ELECTRONICS AND TELECOMMUNICATION ENGINEERS - IETE,STH-TS-5727,8/18/2024
IBIS DIP,MUMBAI - WST-MH-2684-NSEIT LIMITED - MUMBAI-ANDHERI,WST-MH-2684,8/18/2024
MUDRA,BANGALORE NA STHNAKANA5035NAE PAREEKSHA,STH-KA-5035,8/21/2024
MUDRA,CHENNAI NA STHNAKANA5139NAPRAGYA TECHNOLOGIES,STH-KA-5139,8/21/2024
MUDRA,HYDERABAD NA STHNATSNA5727NATHE INSTITUTION OF ELECTRONICS AND TELECOMMUNICATION ENGINEERSNAIETE,STH-TS-5727,8/21/2024
MUDRA,AHMEDNAGAR NA WSTNAMHNA2279NASUMAN I TALENT,WST-MH-2279,8/21/2024
MUDRA,THANE NA WSTNAMHNA2763NASUREKHA INFOTECH PRIVATE LIMITED,WST-MH-2763,8/21/2024
MUDRA,DHANBAD - EST-JH-1393-NSEIT LIMITED - DHANBAD,EST-JH-1393,8/31/2024
MUDRA,DELHI NEW DELHI - NR2-DL-4NA47-RAPID ONLINE SOLUTIONS,NR2-DL-4047,8/31/2024
MUDRA,DELHI NEW DELHI - NR2-DL-4047-RAPID ONLINE SOLUTIONS,NR2-DL-4047,8/31/2024
MUDRA,HYDERABAD - STH-TS-5727-THE INSTITUTION OF ELECTRONICS AND TELECOMMUNICATION ENGINEERS-IETE,STH-TS-5727,8/31/2024
MUDRA,JAMNAGAR - WST-GJ-2591-NSEIT LIMITED - JAMNAGAR,WST-GJ-2591,8/31/2024
MUDRA,PUNE - WST-MH-275NA-NOVA CONSULTANCY SERVICES,WST-MH-2750,8/31/2024
ECO,KOLKATA - EST-WB-1445-NSEIT LIMITED - KOLKATA,EST-WB-1445,9/1/2024
ECO,KANPUR - NR1-UP-3562-NSEIT LIMITED - KANPUR,NR1-UP-3562,9/1/2024
ECO,BENGALURU - STH-KA-5817-NSEIT LIMITED - BANGALORE,STH-KA-5817,9/1/2024
ECO,TRICHY - STH-TN-5859-NSEIT LIMITED - TRICHY,STH-TN-5859,9/1/2024
ECO,NASHIK - WST-MH-2687-NSEIT LIMITED - NASHIK,WST-MH-2687,9/1/2024
IBIS BCBF DRA,KOLKATA - EST-WB-1514-XAMTEC - ONLINE EXAM CENTER,EST-WB-1514,9/21/2024
IBIS BCBF DRA,PUNE - WST-MH-2636-JP ONLINE EXAMS CENTER,WST-MH-2636,9/21/2024
SHIKHAR ATS,KOLKATA - EST-WB-1430-NXTERA SERVICES PRIVATE LIMITED,EST-WB-1430,9/26/2024
SHIKHAR ATS,BEGUSARAI - NR1-BR-3213-JAY ONLINE SERVICE,NR1-BR-3213,9/26/2024
SHIKHAR ATS,NEW DELHI - NR2-DL-4047-RAPID ONLINE SOLUTIONS,NR2-DL-4047,9/26/2024
SHIKHAR ATS,GURUGRAM - NR2-HR-4098-DPG DEGREE COLLEGE-BLOCK-D,NR2-HR-4098,9/26/2024
SHIKHAR ATS,WARANGAL - STH-TS-5655-VIDYARTI ITI,STH-TS-5655,9/26/2024
MUDRA AICITSS,KOLKATA - EST-WB-1420-TALENIQ TECHNOLOGIES PVT LTD,EST-WB-1420,9/28/2024
MUDRA AICITSS,CHENNAI - STH-TN-5139-PRAGYA TECHNOLOGIES,STH-TN-5139,9/28/2024
MUDRA AICITSS,AHMEDABAD - WST-GJ-2038-OMTECH SOLUTION,WST-GJ-2038,9/28/2024
MUDRA AICITSS,AURANGABAD - WST-MH-2199-BYTEZS INFOTECH,WST-MH-2199,9/28/2024
MUDRA AICITSS,MUMBAI - WST-MH-2452-THAKUR POLYTECHNIC,WST-MH-2452,9/28/2024
SHIKHAR CITS RPL,BATHINDA - NR2-PB-4523-SSD GIRLS COLLEGE,NR2-PB-4523,9/29/2024
SHIKHAR CITS RPL,CHIKKAMAGALURU - STH-KA-5508-GOVT ITI CHIKKAMAGALURU,STH-KA-5508,9/29/2024
SHIKHAR CITS RPL,AHMEDABAD - WST-GJ-2040-SHREE SWAMINARAYAN INSTITUE OF TECHNOLOGY,WST-GJ-2040,9/29/2024
MUDRA,DELHI NEW DELHI - NR2-DL-4018-ALL INDIA INSTITUTE OF LOCAL SELF GOVERNMENT,NR2-DL-4018,9/30/2024
MUDRA,GURUGRAM - NR2-HR-4098-DPG DEGREE COLLEGE - BLOCK-D,NR2-HR-4098,9/30/2024
MUDRA,DURG BHILAI - WST-CG-2010-BHARTI COLLEGE OF ENGINEERING AND TECHNOLOGY,WST-CG-2010,9/30/2024
MUDRA,AHMEDABAD - WST-GJ-2030-ALL INDIA INSTITUTE OF LOCAL SELF GOVERNMENT-AHMEDABAD,WST-GJ-2030,9/30/2024
MUDRA,THANE - WST-MH-2243-MBC-THANE,WST-MH-2243,9/30/2024
IBIS BCBF DRA,KANPUR - NR1-UP-3139-THE LEARNING SPACE,NR1-UP-3139,10/5/2024
IBIS BCBF DRA,NEW DELHI - NR2-DL-4484-SANGWAN ACADEMY,NR2-DL-4484,10/5/2024
IBIS BCBF DRA,RAJKOT - WST-GJ-2538-GEETANJALI COLLEGE,WST-GJ-2538,10/5/2024
IBIS BCBF DRA,AURANGABAD - WST-MH-2199-BYTEZS INFOTECH,WST-MH-2199,10/5/2024
IBIS BCBF DRA,PUNE - WST-MH-2234-PRIYADARSHANI SIKHSHAN SANSTHAS MARATHI SECONDARY SCHOOL,WST-MH-2234,10/5/2024
TANGO,COIMBATORE - STH-TN-5154-KARUNYA INSITUTE OF TECHNOLOGY AND SCIENCE COLLEGE - 1,STH-TN-5154,10/6/2024
TANGO,THIRUNELVELI - STH-TN-5279-PSN ENGINEERING COLLEGE,STH-TN-5279,10/6/2024
TANGO,SALEM - STH-TN-5717-VSA GROUP OF INSTITUTIONS,STH-TN-5717,10/6/2024
TANGO,MADURAI - STH-TN-5736-NAGARATHINAM ANGALAMMAL ARTS AND SCIENCE COLLEGE,STH-TN-5736,10/6/2024
TANGO,TIRUCHIRAPALLI - STH-TN-5878-AGN INFOSYSTEM,STH-TN-5878,10/6/2024
TANGO HEAL,COIMBATORE - STH-TN-5154-KARUNYA INSITUTE OF TECHNOLOGY AND SCIENCE COLLEGE_1,STH-TN-5154,10/6/2024
TANGO HEAL,THIRUNELVELI - STH-TN-5279-PSN ENGINEERING COLLEGE,STH-TN-5279,10/6/2024
TANGO HEAL,SALEM - STH-TN-5717-VSA GROUP OF INSTITUTIONS,STH-TN-5717,10/6/2024
TANGO HEAL,MADURAI - STH-TN-5736-NAGARATHINAM ANGALAMMAL ARTS AND SCIENCE COLLEGE,STH-TN-5736,10/6/2024
TANGO HEAL,TIRUCHIRAPALLI - STH-TN-5878-AGN INFOSYSTEM,STH-TN-5878,10/6/2024
SHIKHAR CITS RPL,GURUGRAM - NR2-HR-4098-DPG DEGREE COLLEGE-BLOCK-D,NR2-HR-4098,10/17/2024
SHIKHAR CITS RPL,HISAR - NR2-HR-4107-VARTMAAN ONLINE SERVICES,NR2-HR-4107,10/17/2024
SHIKHAR CITS RPL,AMBALA - NR2-HR-4620-LORD KRISHNA COLLEGE OF EDUCATION COMPUTER TEST EXAM CENTRE,NR2-HR-4620,10/17/2024
IBIS JA,AMBALA CANTT - NR2-HR-4495-A-ONE ONLINE EXAM SOLUTIONS,NR2-HR-4495,10/20/2024
IBIS JA,GURUGRAM - NR2-HR-4684-M M PUBLIC SCHOOL,NR2-HR-4684,10/20/2024
IBIS JA,JAIPUR - NR2-RJ-4500-SJM COLLEGE ONLINE EXAM CENTRE_2,NR2-RJ-4500,10/20/2024
IBIS JA,JAIPUR - NR2-RJ-4500-SJM COLLEGE ONLINE EXAM CENTRE-2,NR2-RJ-4500,10/20/2024
IBIS JA,DEHRADUN - NR2-UK-4655-BRAIN DISCOVERY GLOBAL SCHOOL,NR2-UK-4655,10/20/2024
IBIS JA,AHMEDABAD - WST-GJ-2541-KAAVYARATNA INFO SERVICES_1,WST-GJ-2541,10/20/2024
IBIS JA,AHMEDABAD - WST-GJ-2541-KAAVYARATNA INFO SERVICES-1,WST-GJ-2541,10/20/2024
IBIS JA,CHANDIGARH - NR2-CH-1489-GSS INTERNATIONAL PUBLIC SCHOOL,NR2-CH-1489,10/26/2024
IBIS JA,JODHPUR - NR2-RJ-4209-SHREE KIRTARAM SHIKSHAN SHANSTHAN,NR2-RJ-4209,10/26/2024
IBIS JA,SIKAR - NR2-RJ-4576-VIDHYA BHARTI SANSTHAN,NR2-RJ-4576,10/26/2024
IBIS JA,CHENNAI - STH-TN-5702-MBC ONLINE CENTER,STH-TN-5702,10/26/2024
IBIS JA,AHMEDABAD - WST-GJ-2541-KAAVYARATNA INFO SERVICES_1,WST-GJ-2541,10/26/2024
IBIS JA,AHMEDABAD - WST-GJ-2541-KAAVYARATNA INFO SERVICES-1,WST-GJ-2541,10/26/2024
BLACK GOLD,BHUBANESHWAR - EST-OR-1199-MAA ASSESSMENT CENTER,EST-OR-1199,10/27/2024
BLACK GOLD,LUCKNOW - NR1-UP-3383-SULTAN FOUNDATION LUCKNOW,NR1-UP-3383,10/27/2024
BLACK GOLD,BANGALORE - STH-KA-5948-E TALENT - PEENYA,STH-KA-5948,10/27/2024
BLACK GOLD,KOCHI - STH-KL-5064-RAJAGIRI SCHOOL OF ENGINEERING AND TECHNOLOGY - RSET_2,STH-KL-5064,10/27/2024
BLACK GOLD,CHENNAI - STH-TN-5264-VELAMMAL INSTITUTE OF TECHNOLOGY,STH-TN-5264,10/27/2024
BLACK GOLD,BHUBANESHWAR - EST-OR-1199-MAA ASSESSMENT CENTER,EST-OR-1199,10/27/2024
BLACK GOLD,LUCKNOW - NR1-UP-3383-SULTAN FOUNDATION LUCKNOW,NR1-UP-3383,10/27/2024
BLACK GOLD,BANGALORE - STH-KA-5948-E TALENT - PEENYA,STH-KA-5948,10/27/2024
BLACK GOLD,KOCHI - STH-KL-5064-RAJAGIRI SCHOOL OF ENGINEERING AND TECHNOLOGY - RSET - 2,STH-KL-5064,10/27/2024
BLACK GOLD,CHENNAI - STH-TN-5264-VELAMMAL INSTITUTE OF TECHNOLOGY,STH-TN-5264,10/27/2024
IBIS JA,BIKANER - NR2-RJ-4180-WISDOM COMPUTER INSTITUTE,NR2-RJ-4180,10/27/2024
IBIS JA,JODHPUR - NR2-RJ-4209-SHREE KIRTARAM SHIKSHAN SHANSTHAN,NR2-RJ-4209,10/27/2024
IBIS JA,JAIPUR - NR2-RJ-4500-SJM COLLEGE ONLINE EXAM CENTRE_1,NR2-RJ-4500,10/27/2024
IBIS JA,JAIPUR - NR2-RJ-4500-SJM COLLEGE ONLINE EXAM CENTRE-1,NR2-RJ-4500,10/27/2024
IBIS JA,SIKAR - NR2-RJ-4576-VIDHYA BHARTI SANSTHAN,NR2-RJ-4576,10/27/2024
IBIS JA,MUMBAI - WST-MH-2464-BABASAHEB GAWDE INSTITUTE OF TECHNOLOGY,WST-MH-2464,10/27/2024
NECTOR,KOLKATA - EST-WB-1131-MBC MODI HOUSE,EST-WB-1131,10/27/2024
NECTOR,NEW DELHI - NR2-DL-4484-SANGWAN ACADEMY_1,NR2-DL-4484,10/27/2024
NECTOR,NEW DELHI - NR2-DL-4484-SANGWAN ACADEMY - 1,NR2-DL-4484,10/27/2024
NECTOR,CHENNAI - STH-TN-5856-NSEIT LIMITED - CHENNAI,STH-TN-5856,10/27/2024
NECTOR,MUMBAI - WST-MH-2684-NSEIT LIMITED - MUMBAI-ANDHERI,WST-MH-2684,10/27/2024
MUDRA,DELHI NEW DELHI - NR2-DL-4526-NSEIT LIMITED - NEW DELHI,NR2-DL-4526,10/30/2024
MUDRA,ERNAKULAM - STH-KL-5063-SWEAR ONLINE ASSESSMENT CENTER,STH-KL-5063,10/30/2024
MUDRA,AHMEDABAD - WST-GJ-2579-NSEIT LIMITED - AHMEDABAD,WST-GJ-2579,10/30/2024
MUDRA ICAI,DELHI NEW DELHI - NR2-DL-4526-NSEIT LIMITED - NEW DELHI,NR2-DL-4526,11/7/2024
MUDRA ICAI,BANGALORE - STH-KA-5817-NSEIT LIMITED - BANGALORE,STH-KA-5817,11/7/2024
IBIS BCBF DRA,HAZARIBAGH - EST-JH-1395-NSEIT LIMITED - HAZARIBAUG,EST-JH-1395,11/16/2024
IBIS BCBF DRA,BERHAMPORE - EST-WB-1441-NSEIT LIMITED - BERHAMPORE,EST-WB-1441,11/16/2024
IBIS BCBF DRA,GORAKHPUR - NR1-UP-3531-BHAGAT SINGH ONLINE EXAMINATION CENTER,NR1-UP-3531,11/16/2024
IBIS BCBF DRA,LUDHIANA - NR2-PB-4608-ALPINE INTERNATIONAL SR. SEC. SCHOOL,NR2-PB-4608,11/16/2024
IBIS BCBF DRA,JODHPUR - NR2-RJ-4211-TELNET TECHNOLOGIES,NR2-RJ-4211,11/16/2024
IBIS CA,HAMIRPUR - NR2-HP-4127-NEW GURUKUL INFOTECH,NR2-HP-4127,11/24/2024
IBIS CA,AMBALA CANTT - NR2-HR-4495-A-ONE ONLINE EXAM SOLUTIONS,NR2-HR-4495,11/24/2024
IBIS CA,KARNAL - NR2-HR-4507-BUDDHA COLLEGE OF EDUCATION,NR2-HR-4507,11/24/2024
IBIS CA,LUDHIANA - NR2-PB-4608-ALPINE INTERNATIONAL SR SEC SCHOOL,NR2-PB-4608,11/24/2024
IBIS CA,JAIPUR - NR2-RJ-4500-SJM COLLEGE ONLINE EXAM CENTRE_1,NR2-RJ-4500,11/24/2024
IBIS CA,JAIPUR - NR2-RJ-4500-SJM COLLEGE ONLINE EXAM CENTRE-1,NR2-RJ-4500,11/24/2024
IBIS CA,HAMIRPUR - NR2-HP-4127-NEW GURUKUL INFOTECH,NR2-HP-4127,12/1/2024
IBIS CA,JAMMU - NR2-JK-4650-BN COLLEGE OF EDUCATION,NR2-JK-4650,12/1/2024
IBIS CA,PATIALA - NR2-PB-4512-SHRI GURU HARKISHAN COLLEGE OF MANAGEMENT AND TECH ONLINE EXAMINATION CENTRE,NR2-PB-4512,12/1/2024
IBIS CA,JODHPUR - NR2-RJ-4209-SHREE KIRTARAM SHIKSHAN SHANSTHAN,NR2-RJ-4209,12/1/2024
SHIKHAR CTS,SITAMARHI - NR1-BR-3250-ITI PUPARI SITAMARHI - TBX,NR1-BR-3250,12/6/2024
SHIKHAR CTS,SITAMARHI - NR1-BR-3334-EDUTECH SOFT PVT LTD,NR1-BR-3334,12/6/2024
SHIKHAR CTS,PRAYAGRAJ - NR1-UP-3691-GOVERNMENT ITI-NAINI-ALLAHABAD-061,NR1-UP-3691,12/6/2024
SHIKHAR CTS,KOPPAL - STH-KA-5433-GOVT ITI KOPPAL,STH-KA-5433,12/6/2024
SHIKHAR CTS,HYDERABAD - STH-TS-5719-NSEIT LIMITED - HYDERABAD,STH-TS-5719,12/6/2024
IBIS BCBF DRA,BHUBANESHWAR - EST-OR-1093-RADHA RAMAN ASSESSMENT SERVICES PRIVATE LIMITED,EST-OR-1093,12/7/2024
IBIS BCBF DRA,AMRITSAR - NR2-PB-4473-KHALSA COLLEGE OF ENGINEERING AND TECHNOLOGY,NR2-PB-4473,12/7/2024
IBIS BCBF DRA,BENGALURU - STH-KA-5033-ARYZE TECHNOLOGIES,STH-KA-5033,12/7/2024
IBIS BCBF DRA,BILASPUR - WST-CG-2009-PREEYEM INFOTECH - ABHIYAN ACADEMY,WST-CG-2009,12/7/2024
IBIS BCBF DRA,AHMEDABAD - WST-GJ-2040-SHREE SWAMINARAYAN INSTITUE OF TECHNOLOGY,WST-GJ-2040,12/7/2024
IBIS CA,CHANDIGARH - NR2-CH-1489-GSS INTERNATIONAL PUBLIC SCHOOL,NR2-CH-1489,12/8/2024
IBIS CA,HAMIRPUR - NR2-HP-4127-NEW GURUKUL INFOTECH,NR2-HP-4127,12/8/2024
IBIS CA,JODHPUR - NR2-RJ-4209-SHREE KIRTARAM SHIKSHAN SHANSTHAN,NR2-RJ-4209,12/8/2024
IBIS CA,SIKAR - NR2-RJ-4582-SBS SHIKSHAN PRASIKSHAN COLLEGE,NR2-RJ-4582,12/8/2024
IBIS CA,AHMEDABAD - WST-GJ-2541-KAAVYARATNA INFO SERVICES_1,WST-GJ-2541,12/8/2024
IBIS CA,AHMEDABAD - WST-GJ-2541-KAAVYARATNA INFO SERVICES-1,WST-GJ-2541,12/8/2024
IBIS CA,CHANDIGARH - NR2-CH-1489-GSS INTERNATIONAL PUBLIC SCHOOL,NR2-CH-1489,12/14/2024
IBIS CA,JAIPUR - NR2-RJ-4500-SJM COLLEGE ONLINE EXAM CENTRE_1,NR2-RJ-4500,12/14/2024
IBIS CA,JAIPUR - NR2-RJ-4500-SJM COLLEGE ONLINE EXAM CENTRE-1,NR2-RJ-4500,12/14/2024
IBIS CA,DEHRADUN - NR2-UK-4685-MINERVA ONLINE EXAMINATION CENTER INSTITUTE,NR2-UK-4685,12/14/2024
IBIS CA,CHENNAI - STH-TN-5975-DON BOSCO ARTS AND SCIENCE COLLEGE,STH-TN-5975,12/14/2024
IBIS CA,AHMEDABAD - WST-GJ-2541-KAAVYARATNA INFO SERVICES_1,WST-GJ-2541,12/14/2024
IBIS CA,AHMEDABAD - WST-GJ-2541-KAAVYARATNA INFO SERVICES-1,WST-GJ-2541,12/14/2024
IBIS CA,IMPHAL - EST-MN-1055-MAX DATA CENTER,EST-MN-1055,12/15/2024
IBIS CA,CHANDIGARH - NR2-CH-1489-GSS INTERNATIONAL PUBLIC SCHOOL,NR2-CH-1489,12/15/2024
IBIS CA,HAMIRPUR - NR2-HP-4127-NEW GURUKUL INFOTECH,NR2-HP-4127,12/15/2024
IBIS CA,JAIPUR - NR2-RJ-4500-SJM COLLEGE ONLINE EXAM CENTRE_1,NR2-RJ-4500,12/15/2024
IBIS CA,JAIPUR - NR2-RJ-4500-SJM COLLEGE ONLINE EXAM CENTRE-1,NR2-RJ-4500,12/15/2024
IBIS CA,DEHRADUN - NR2-UK-4685-MINERVA ONLINE EXAMINATION CENTER INSTITUTE,NR2-UK-4685,12/15/2024
NARMADA SWAYAM,KADAPA - STH-AP-5982-GOVT RESIDANTIAL ITI FOR GIRLS - KADAPA,STH-AP-5982,12/15/2024
MUDRA,BANGALORE - STH-KA-5034- E MERIT - RT NAGAR,STH-KA-5034,12/16/2024
SHIKHAR ATS,EST-JH-1516 - JAMSHEDPUR-NOBEL SPHERE TECHNOLOGIES,EST-JH-1516,12/18/2024
SHIKHAR ATS,EST-WB-1413 - DURGAPUR-CONFIANCE,EST-WB-1413,12/18/2024
SHIKHAR ATS,NR2-PB-4519 - PATIALA-NSEIT LIMITED - PATIALA,NR2-PB-4519,12/18/2024
MUDRA AICITSS,BHUBANESWAR - EST-OR-1093-RADHA RAMAN ASSESSMENT SERVICES PRIVATE LIMITED,EST-OR-1093,12/21/2024
MUDRA AICITSS,LUCKNOW - NR1-UP-3561-NSEIT LIMITED - LUCKNOW,NR1-UP-3561,12/21/2024
MUDRA AICITSS,BENGALURU - STH-KA-5035-E PAREEKSHA,STH-KA-5035,12/21/2024
MUDRA AICITSS,CHENNAI - STH-TN-5143-SRI SAI RAM ENGINEEIRNG COLLEGE,STH-TN-5143,12/21/2024
MUDRA AICITSS,RAIPUR - WST-CG-2024-SHREE DIGITAL,WST-CG-2024,12/21/2024
IBIS CA,LUDHIANA - NR2-PB-4608-ALPINE INTERNATIONAL SR SEC SCHOOL,NR2-PB-4608,12/22/2024
IBIS CA,CHENNAI - STH-TN-5702-MBC ONLINE CENTER,STH-TN-5702,12/22/2024
IBIS CA,CHENNAI - STH-TN-5975-DON BOSCO ARTS AND SCIENCE COLLEGE,STH-TN-5975,12/22/2024
KAZIRANGA,DIBRUGARH - EST-AS-1009-LAHOWAL COLLEGE,EST-AS-1009,12/27/2024
KAZIRANGA,JORHAT - EST-AS-1018-ZENITH INSTITUTE OF TECHNOLOGY,EST-AS-1018,12/27/2024
KAZIRANGA,SILCHAR - EST-AS-1172-GOVERNMENT INDUSTRIAL TRAINING INSTITUTE - SRIKONA,EST-AS-1172,12/27/2024
KAZIRANGA,DIBRUGARH - EST-AS-1485-BRAHMAPUTRA INDUSTRIAL TRAINING INSTITUTE - TENGAKHAT -PRIVATE,EST-AS-1485,12/27/2024
KAZIRANGA,DIBRUGARH - EST-AS-1486-GOVERNMENT INDUSTRIAL TRAINING INSTITUTE - DIBRUGARH,EST-AS-1486,12/27/2024
IBIS BCBF DRA,GUWAHATI - EST-AS-1005-FUTURE TECH EDUCATION,EST-AS-1005,1/4/2025
IBIS BCBF DRA,VIJAYAWADA - STH-AP-5023-SHREE VIJAYA DURGA IT INFO SOLUTIONS,STH-AP-5023,1/4/2025
IBIS BCBF DRA,CHENNAI - STH-TN-5702-MBC ONLINE CENTER,STH-TN-5702,1/4/2025
IBIS BCBF DRA,SURAT - WST-GJ-2564-DECIPHER TECHNOLOGIES,WST-GJ-2564,1/4/2025
IBIS BCBF DRA,AURANGABAD - WST-MH-2199-BYTEZS INFOTECH,WST-MH-2199,1/4/2025
MUDRA,KOLKATA - EST-WB-1445-NSEIT LIMITED - KOLKATA,EST-WB-1445,1/4/2025
MUDRA,NOIDA - NR2-UP-3613-NSEIT LIMITED - NOIDA,NR2-UP-3613,1/4/2025
MUDRA,CHENNAI - STH-TN-5856-NSEIT LIMITED - CHENNAI,STH-TN-5856,1/4/2025
MUDRA,THANE - WST-MH-2660-K.C. COLLEGE OF ENGINEERING AND MANAGEMENT STUDIES AND RESEARCH,WST-MH-2660,1/4/2025
MUDRA,MUMBAI - WST-MH-2684-NSEIT LIMITED - MUMBAI,WST-MH-2684,1/4/2025
MUDRA,KOLKATA - EST-WB-1445-NSEIT LIMITED - KOLKATA,EST-WB-1445,1/6/2025
MUDRA,DELHI NEW DELHI - NR2-DL-4526-NSEIT LIMITED - NEW DELHI,NR2-DL-4526,1/6/2025
MUDRA,HYDERABAD - STH-TS-5719-NSEIT LIMITED - HYDERABAD - 1,STH-TS-5719,1/6/2025
MUDRA,MUMBAI - WST-MH-2684-NSEIT LIMITED - MUMBAI,WST-MH-2684,1/6/2025
MUDRA,THANE - WST-MH-2745-MBC-THANE,WST-MH-2745,1/6/2025
IBIS DIP,CHENNAI - STH-TN-5856-NSEIT LIMITED - CHENNAI,STH-TN-5856,1/12/2025
IBIS DIP,COIMBATORE - STH-TN-5861-NSEIT LIMITED - COIMBATORE,STH-TN-5861,1/12/2025
MUDRA AICITSS,GURGAON - NR2-HR-4098-DPG DEGREE COLLEGE-BLOCK-D,NR2-HR-4098,1/18/2025
MUDRA AICITSS,ERNAKULAM - STH-KL-5066-SWEAR ONLINE ASSESSMENT CENTRE,STH-KL-5066,1/18/2025
MUDRA AICITSS,HYDERABAD - STH-TS-5727-THE INSTITUTE OF ELECTRONICS AND TELECOMMUNICATION ENGINEERS - IETE,STH-TS-5727,1/18/2025
MUDRA AICITSS,GANDHINAGAR - WST-GJ-2040-SHREE SWAMINARAYAN INSTITUE OF TECHNOLOGY,WST-GJ-2040,1/18/2025
MUDRA AICITSS,MUMBAI - WST-MH-2452-THAKUR POLYTECHNIC_1,WST-MH-2452,1/18/2025
MUDRA AICITSS,MUMBAI - WST-MH-2452-THAKUR POLYTECHNIC - 1,WST-MH-2452,1/18/2025
NIA,DELHI - NR2-DL-4526-NSEIT LIMITED - DELHI,NR2-DL-4526,1/18/2025
NIA,JAIPUR - NR2-RJ-4561-NSEIT LIMITED - JAIPUR,NR2-RJ-4561,1/18/2025
NIA,PANJIM - WST-GA-2348-NSEIT LIMITED - PANJIM,WST-GA-2348,1/18/2025
NIA,MUMBAI - WST-MH-2684-NSEIT LIMITED - MUMBAI,WST-MH-2684,1/18/2025
IBIS DIP,NEW DELHI - NR2-DL-4526-NSEIT LIMITED - NEW DELHI,NR2-DL-4526,1/19/2025
IBIS DIP,GURUGRAM - NR2-HR-4098-NSEIT LIMITED - GURUGRAM,NR2-HR-4098,1/19/2025
IBIS DIP,LUDHIANA - NR2-PB-4515-NSEIT LIMITED - LUDHIANA,NR2-PB-4515,1/19/2025
IBIS DIP,VADODARA - WST-GJ-2580-NSEIT LIMITED - BARODA,WST-GJ-2580,1/19/2025
IBIS BCBF DRA,KOLKATA - EST-WB-1449-MBC BEHALA COLLEGE,EST-WB-1449,2/1/2025
IBIS BCBF DRA,BALLARI - STH-KA-5799-SPGU EDUCATION SOCIETY ITI,STH-KA-5799,2/1/2025
IBIS BCBF DRA,CHENNAI - STH-TN-5139-PRAGYA TECHNOLOGIES,STH-TN-5139,2/1/2025
IBIS BCBF DRA,HYDERABAD - STH-TS-5315-SEZ TECHNOLOGIES AND SOLUTIONS,STH-TS-5315,2/1/2025
NIA,DELHI - NR2-DL-4526-NSEIT LIMITED - DELHI,NR2-DL-4526,2/1/2025
NIA,CHENNAI - STH-TN-5856-NSEIT LIMITED - CHENNAI,STH-TN-5856,2/1/2025
NIA,HYDERABAD - STH-TS-5719-NSEIT LIMITED - HYDERABAD,STH-TS-5719,2/1/2025
NIA,MUMBAI - WST-MH-2684-NSEIT LIMITED - MUMBAI,WST-MH-2684,2/1/2025
NIA,PUNE - WST-MH-2685-NSEIT LIMITED - PUNE,WST-MH-2685,2/1/2025
MUDRA,CHENNAI - STH-TN-5856-NSEIT LIMITED - CHENNAI,STH-TN-5856,2/3/2025
MUDRA,HYDERABAD - STH-TS-5719-NSEIT LIMITED - HYDERABAD - 1,STH-TS-5719,2/3/2025
MUDRA,MUMBAI - WST-MH-2455-SHAILENDRA EDUCATION SOCIETY,WST-MH-2455,2/3/2025
MUDRA,MUMBAI - WST-MH-2684-NSEIT LIMITED - MUMBAI,WST-MH-2684,2/3/2025
MUDRA,MUMBAI - WST-MH-2726-HI-TECH LIBRARY,WST-MH-2726,2/3/2025
SHIKHAR CITS RPL,BHUBANESHWAR - EST-OR-1466-NSEIT LIMITED - BHUBANESHWAR,EST-OR-1466,2/9/2025
SHIKHAR CITS RPL,HISAR - NR2-HR-4107-VARTMAAN ONLINE SERVICES,NR2-HR-4107,2/9/2025
SHIKHAR CITS RPL,BHATINDA - NR2-PB-4523-SSD GIRLS COLLEGE,NR2-PB-4523,2/9/2025
SHIKHAR CITS RPL,MUMBAI - WST-MH-2684-NSEIT LIMITED - MUMBAI-ANDHERI,WST-MH-2684,2/9/2025
SHIKHAR CITS RPL,SEONI - WST-MP-2587-NSEIT LIMITED - SEONI,WST-MP-2587,2/9/2025
MUDRA,DELHI NEW DELHI - NR2-DL-4526-NSEIT LIMITED - NEW DELHI,NR2-DL-4526,2/14/2025
MUDRA,BANGALORE - STH-KA-5817-NSEIT LIMITED - BANGALORE,STH-KA-5817,2/14/2025
MUDRA,CHENNAI - STH-TN-5856-NSEIT LIMITED - CHENNAI,STH-TN-5856,2/14/2025
MUDRA,MUMBAI - WST-MH-2684-NSEIT LIMITED - MUMBAI,WST-MH-2684,2/14/2025
NIA,DELHI - NR2-DL-4526-NSEIT LIMITED - DELHI,NR2-DL-4526,2/15/2025
NIA,HYDERABAD - STH-TS-5719-NSEIT LIMITED - HYDERABAD,STH-TS-5719,2/15/2025
NIA,MUMBAI - WST-MH-2684-NSEIT LIMITED - MUMBAI,WST-MH-2684,2/15/2025
NIA,PUNE - WST-MH-2685-NSEIT LIMITED - PUNE,WST-MH-2685,2/15/2025
MUDRA,BANGALORE - STH-KA-5035-E PAREEKSHA,STH-KA-5035,2/21/2025
MUDRA,THRISSUR - STH-KL-5743-NSEIT LIMITED - THRISSUR - 1,STH-KL-5743,2/21/2025
MUDRA,CHENNAI - STH-TN-5856-NSEIT LIMITED - CHENNAI,STH-TN-5856,2/21/2025
MUDRA,MUMBAI - WST-MH-2726-HI-TECH LIBRARY,WST-MH-2726,2/21/2025
MUDRA AICITSS,BHUBANESWAR - EST-OR-1093-RADHA RAMAN ASSESSMENT SERVICES PRIVATE LIMITED,EST-OR-1093,2/22/2025
MUDRA AICITSS,KOTTAYAM - STH-KL-5899-ACAMARJYOTHI ACADEMY - KOTTAYAM,STH-KL-5899,2/22/2025
MUDRA AICITSS,CHENNAI - STH-TN-5702-MBC ONLINE CENTER,STH-TN-5702,2/22/2025
MUDRA AICITSS,CHENNAI - STH-TN-5975-DON BOSCO ARTS AND SCIENCE COLLEGE,STH-TN-5975,2/22/2025
MUDRA AICITSS,INDORE - WST-MP-2132-MASIHI KANYA VIDHYALAY,WST-MP-2132,2/22/2025
MUDRA,KOLKATA - EST-WB-1445-NSEIT LIMITED - KOLKATA,EST-WB-1445,2/28/2025
MUDRA,DELHI NEW DELHI - NR2-DL-4526-NSEIT LIMITED - NEW DELHI,NR2-DL-4526,2/28/2025
MUDRA,CHENNAI - STH-TN-5856-NSEIT LIMITED - CHENNAI,STH-TN-5856,2/28/2025
MUDRA,HYDERABAD - STH-TS-5719-NSEIT LIMITED - HYDERABAD - 1,STH-TS-5719,2/28/2025
MUDRA,MUMBAI - WST-MH-2684-NSEIT LIMITED - MUMBAI,WST-MH-2684,2/28/2025
IBIS BCBF DRA,SAMBALPUR - EST-OR-1081-I-TECH,EST-OR-1081,3/1/2025
IBIS BCBF DRA,BHUBANESHWAR - EST-OR-1110-SSB EDUTECH,EST-OR-1110,3/1/2025
IBIS BCBF DRA,KOLKATA - EST-WB-1370-CONSOLE MANAGEMENT CONSULTANTS PVT. LTD.,EST-WB-1370,3/1/2025
IBIS BCBF DRA,PUNE - WST-MH-1655-SKILL HUB INSTITUTE,WST-MH-1655,3/1/2025
IBIS BCBF DRA,MUMBAI - WST-MH-2726-HI-TECH LIBRARY,WST-MH-2726,3/1/2025
NIA,DELHI - NR2-DL-4526-NSEIT LIMITED - DELHI,NR2-DL-4526,3/1/2025
NIA,BANGALORE - STH-KA-5817-NSEIT LIMITED - BANGALORE,STH-KA-5817,3/1/2025
NIA,CHENNAI - STH-TN-5856-NSEIT LIMITED - CHENNAI,STH-TN-5856,3/1/2025
NIA,HYDERABAD - STH-TS-5719-NSEIT LIMITED - HYDERABAD,STH-TS-5719,3/1/2025
NIA,MUMBAI - WST-MH-2684-NSEIT LIMITED - MUMBAI,WST-MH-2684,3/1/2025
CAUVERY,CHENNAI - STH-TN-1700-MAHALAKSHMI TECH CAMPUS,STH-TN-1700,3/2/2025
CAUVERY,CHENNAI - STH-TN-1701-PRINCE SHRI VENKATESHWARA PADMAVATHY ENGINEERING COLLEGE,STH-TN-1701,3/2/2025
CAUVERY,CHENNAI - STH-TN-5369-RAJALAKSHMI ENGINEERING COLLEGE_1,STH-TN-5369,3/2/2025
CAUVERY,CHENNAI - STH-TN-5369-RAJALAKSHMI ENGINEERING COLLEGE - 1,STH-TN-5369,3/2/2025
CAUVERY,CHENNAI - STH-TN-5818-S A ARTS AND SCIENCE COLLEGE,STH-TN-5818,3/2/2025
CAUVERY,CHENNAI - STH-TN-5975-DON BOSCO SIGA COMPLEX,STH-TN-5975,3/2/2025
NARMADA CSIR & UGC,PATNA - NR1-BR-3716-JSCA INFOTECH,NR1-BR-3716,3/2/2025
NARMADA CSIR & UGC,PRAYAGRAJ - NR1-UP-1657-STAR EXAM ZONE,NR1-UP-1657,3/2/2025
NARMADA CSIR & UGC,VARANASI - NR1-UP-3198-DROTCA-DHANNU RAM ONLINE TEST AND COMPUTER APPLICATION PVT LTD,NR1-UP-3198,3/2/2025
NARMADA CSIR & UGC,HYDERABAD - STH-TS-5306-CIOS DIGITALS PRIVATE LIMITED,STH-TS-5306,3/2/2025
NARMADA CSIR & UGC,RAIPUR - WST-CG-1638-KRISHNAS VIKASH INSTITUTE OF TECHNOLOGY-RAIPUR,WST-CG-1638,3/2/2025
MUDRA,DELHI NEW DELHI - NR2-DL-4526-NSEIT LIMITED - NEW DELHI,NR2-DL-4526,3/7/2025
MUDRA,NOIDA - NR2-UP-3613-NSEIT LIMITED - NOIDA,NR2-UP-3613,3/7/2025
MUDRA,CHENNAI - STH-TN-5856-NSEIT LIMITED - CHENNAI,STH-TN-5856,3/7/2025
MUDRA,COIMBATORE - STH-TN-5861-NSEIT LIMITED - COIMBATORE - 1,STH-TN-5861,3/7/2025
MUDRA,MUMBAI - WST-MH-2684-NSEIT LIMITED - MUMBAI,WST-MH-2684,3/7/2025
MUDRA,NAGAUR - NR2-RJ-4567-NSEIT LIMITED - NAGAUR,NR2-RJ-4567,3/8/2025
MUDRA,BANGALORE - STH-KA-5035-E PAREEKSHA,STH-KA-5035,3/8/2025
MUDRA,KOZHIKODE - STH-KL-5745-NSEIT LIMITED - KOZHIKODE,STH-KL-5745,3/8/2025
MUDRA,HYDERABAD - STH-TS-5719-NSEIT LIMITED - HYDERABAD - 1,STH-TS-5719,3/8/2025
MUDRA,MUMBAI - WST-MH-2684-NSEIT LIMITED - MUMBAI,WST-MH-2684,3/8/2025
SHIKHAR ATS,JAMSHEDPUR - EST-JH-1046-NATIONAL INSTITUTE OF EXCELLENCE,EST-JH-1046,3/27/2025
SHIKHAR ATS,BHUBANESHWAR - EST-OR-1466-NSEIT LIMITED - BHUBANESHWAR,EST-OR-1466,3/27/2025
SHIKHAR ATS,KHARAGPUR - EST-WB-1443-NSEIT LIMITED - KHARAGPUR,EST-WB-1443,3/27/2025
SHIKHAR ATS,BEGUSARAI - NR1-BR-3213-JAY ONLINE SERVICES,NR1-BR-3213,3/27/2025
SHIKHAR ATS,BARODA - WST-GJ-2575-BINARY BIT TECHNOLOGY,WST-GJ-2575,3/27/2025
MUDRA AICITSS,BENGALURU - STH-KA-5035-E PAREEKSHA,STH-KA-5035,3/29/2025
MUDRA AICITSS,ERNAKULAM - STH-KL-5064-RAJAGIRI SCHOOL OF ENGINEERING AND TECHNOLOGY,STH-KL-5064,3/29/2025
MUDRA AICITSS,CHENNAI - STH-TN-5139-PRAGYA TECHNOLOGIES,STH-TN-5139,3/29/2025
MUDRA AICITSS,CHENNAI - STH-TN-5702-MBC ONLINE CENTER,STH-TN-5702,3/29/2025
MUDRA AICITSS,RAIPUR - WST-CG-2026-TECHSOLVE DESIGNING AND GRAFIX SOLUTION,WST-CG-2026,3/29/2025
MUDRA,CHENNAI - STH-TN-5856-NSEIT LIMITED - CHENNAI,STH-TN-5856,3/31/2025
MUDRA,MUMBAI - WST-MH-2684-NSEIT LIMITED - MUMBAI,WST-MH-2684,3/31/2025
MUDRA,VASAI - WST-MH-2806-NSEIT LIMITED - VIRAR - 1,WST-MH-2806,3/31/2025
IBIS CA,DALTONGANJ - EST-JH-1177-APTECH COMPUTER EDUCATION,EST-JH-1177,6/1/2025
IBIS CA,CHANDIGARH - NR2-CH-1489-GSS INTERNATIONAL PUBLIC SCHOOL,NR2-CH-1489,6/1/2025
IBIS CA,HAMIRPUR - NR2-HP-4127-NEW GURUKUL INFOTECH,NR2-HP-4127,6/1/2025
IBIS CA,JAMMU - NR2-JK-4488-DIGITAL COMPUTER EDUCATION,NR2-JK-4488,6/1/2025
IBIS CA,SIKAR - NR2-RJ-1635-JAN SHIKSHAN SANSTHAN,NR2-RJ-1635,6/1/2025
IBIS CA,SAWAI MADHOPUR - NR2-RJ-1731-DEV IT SKILL,NR2-RJ-1731,6/1/2025
IBIS CA,JODHPUR - NR2-RJ-4209-SHREE KIRTARAM SHIKSHAN SANTHAN,NR2-RJ-4209,6/1/2025
IBIS CA,MUMBAI - WST-MH-2452-THAKUR POLYTECHNIC-1,WST-MH-2452,6/1/2025
IBIS CA,MUMBAI - WST-MH-2641-VASANTDADA PATIL PRATISHTHANS COLLEGE OF ENGINEERING AND VISUAL ARTS,WST-MH-2641,6/1/2025
MUDRA,KOLKATA - EST-WB-1445-NSEIT LIMITED - KOLKATA,EST-WB-1445,6/1/2025
MUDRA,CHENNAI - STH-TN-5856-NSEIT LIMITED - CHENNAI,STH-TN-5856,6/1/2025
MUDRA,COIMBATORE - STH-TN-5861-NSEIT LIMITED - COIMBATORE - 1,STH-TN-5861,6/1/2025
MUDRA,MUMBAI - WST-MH-2684-NSEIT LIMITED - MUMBAI,WST-MH-2684,6/1/2025
MUDRA,VASAI - WST-MH-2806-NSEIT LIMITED - VIRAR - 1,WST-MH-2806,6/1/2025
DAFFODIL,CHANDIGARH - NR2-CH-4693-BALAJI COMPUTERS,NR2-CH-4693,6/3/2025
DAFFODIL,CHANDIGARH - NR2-CH-4695-AXIS NETWORKS,NR2-CH-4695,6/3/2025
DAFFODIL,DELHI NCR - NR2-DL-4685-LAXMI PUBLIC SCHOOL,NR2-DL-4685,6/3/2025
DAFFODIL,DELHI NCR - NR2-DL-4702-DELHI ENGLISH ACADEMY ONLINE EXAM CENTER,NR2-DL-4702,6/3/2025
DAFFODIL,CHANDIGARH - NR2-PB-4504-DASHMESH KHALSA COLLEGE,NR2-PB-4504,6/3/2025
NIA,DELHI - NR2-DL-4526-NSEIT LIMITED - DELHI JHANDEWALAN,NR2-DL-4526,6/7/2025
NIA,BANGALORE - STH-KA-5817-NSEIT LIMITED - BANGALORE,STH-KA-5817,6/7/2025
NIA,CHENNAI - STH-TN-5856-NSEIT LIMITED - CHENNAI,STH-TN-5856,6/7/2025
NIA,MUMBAI - WST-MH-2684-NSEIT LIMITED - MUMBAI ANDHERI,WST-MH-2684,6/7/2025
NIA,PUNE - WST-MH-2685-NSEIT LIMITED - PUNE,WST-MH-2685,6/7/2025
CHETTINAD,PATNA - NR1-BR-3746-INFRAZONE SOLUTIONS,NR1-BR-3746,6/8/2025
CHETTINAD,LUCKNOW - NR1-UP-1756-UMA INSTITUTE OF MANAGEMENT OF TECHNOLOGY,NR1-UP-1756,6/8/2025
CHETTINAD,KANPUR - NR1-UP-3299-UNZIP TECHNOLOGY_1,NR1-UP-3299,6/8/2025
CHETTINAD,KANPUR - NR1-UP-3299-UNZIP TECHNOLOGY - 1,NR1-UP-3299,6/8/2025
CHETTINAD,VARANASI - NR1-UP-3735-WEBDIZ INFOTECH PVT.LTD,NR1-UP-3735,6/8/2025
CHETTINAD,DELHI - NR2-DL-4524-HOLY INTERNATIONAL EXAM CENTRE,NR2-DL-4524,6/8/2025
IBIS CA,DALTONGANJ - EST-JH-1177-APTECH COMPUTER EDUCATION,EST-JH-1177,6/14/2025
IBIS CA,CHANDIGARH - NR2-CH-1489-GSS INTERNATIONAL PUBLIC SCHOOL,NR2-CH-1489,6/14/2025
IBIS CA,HAMIRPUR - NR2-HP-4127-NEW GURUKUL INFOTECH,NR2-HP-4127,6/14/2025
IBIS CA,JAMMU - NR2-JK-4488-DIGITAL COMPUTER EDUCATION,NR2-JK-4488,6/14/2025
IBIS CA,AHMEDABAD - WST-GJ-2541-KAAVYARATNA INFO SERVICES_1,WST-GJ-2541,6/14/2025
IBIS CA,AHMEDABAD - WST-GJ-2541-KAAVYARATNA INFO SERVICES-1,WST-GJ-2541,6/14/2025
IBIS JA,AMRITSAR - NR2-PB-4473-KHALSA COLLEGE OF ENGINEERING AND TECHNOLOGY,NR2-PB-4473,6/14/2025
IBIS JA,JODHPUR - NR2-RJ-4634-MARWAR INSTITUTE,NR2-RJ-4634,6/14/2025
MUDRA,KOLKATA - EST-WB-1430-NXTERA SERVICES PRIVATE LIMITED,EST-WB-1430,6/14/2025
MUDRA,JALANDHAR - NR2-PB-4502-DAV INSTITUTE OF ENGINEERING AND TECHNOLOGY,NR2-PB-4502,6/14/2025
MUDRA,KAKINADA - STH-AP-5696-SOFT TECHNOLOGIES,STH-AP-5696,6/14/2025
MUDRA,HYDERABAD - STH-TS-5727-THE INSTITUTION OF ELECTRONICS AND TELECOMMUNICATION ENGINEERS-IETE,STH-TS-5727,6/14/2025
MUDRA,PUNE - WST-MH-2235-VISHWAKARMA COLLEGE OF ARTS COMMERCE AND SCIENCE-VIIT,WST-MH-2235,6/14/2025
BHARAT,MUZAFFARPUR - NR1-BR-3237-CAREER DIGITAL ZONE PVT LTD,NR1-BR-3237,6/15/2025
BHARAT,PATNA - NR1-BR-3447-TUNISH INFOTECH PVT LTD,NR1-BR-3447,6/15/2025
BHARAT,DELHI - NR2-DL-4484-SANGWAN ACADEMY_1,NR2-DL-4484,6/15/2025
BHARAT,DELHI - NR2-DL-4484-SANGWAN ACADEMY - 1,NR2-DL-4484,6/15/2025
BHARAT,CHANDIGARH - NR2-PB-4505-DELHI WORLD PUBLIC SCHOOL,NR2-PB-4505,6/15/2025
BHARAT,JAIPUR - NR2-RJ-4575-JNM COLLEGE,NR2-RJ-4575,6/15/2025
IBIS JA,RAJOURI - NR2-JK-4353-AL REHBAR INSTITUTE OF IT AND MANAGEMENT,NR2-JK-4353,6/15/2025
IBIS JA,JAMMU - NR2-JK-4699-FASTECH DIGITAL COMPUTER,NR2-JK-4699,6/15/2025
IBIS JA,JODHPUR - NR2-RJ-4634-MARWAR INSTITUTE,NR2-RJ-4634,6/15/2025
SHIKHAR CITS ENTRANCE,KOLKATA - EST-WB-1144-PARC SUDHIR MEMORIAL INSTITUTE,EST-WB-1144,6/15/2025
SHIKHAR CITS ENTRANCE,ALLAHABAD - NR1-UP-1657-STAR EXAM ZONE,NR1-UP-1657,6/15/2025
SHIKHAR CITS ENTRANCE,KANPUR - NR1-UP-3137-RCRD KANYA MAHAVIDYALAYA_2,NR1-UP-3137,6/15/2025
SHIKHAR CITS ENTRANCE,KANPUR - NR1-UP-3137-RCRD KANYA MAHAVIDYALAYA-2,NR1-UP-3137,6/15/2025
SHIKHAR CITS ENTRANCE,DELHI - NR2-DL-4037-KANGTO ASSESSMENT CENTRE,NR2-DL-4037,6/15/2025
SHIKHAR CITS ENTRANCE,JAIPUR - NR2-RJ-4494-MAHATMA GANDHI COLLEGE OF PHARMACEUTICAL SCIENCES,NR2-RJ-4494,6/15/2025
IBIS BCBF DRA,AMRITSAR - NR2-PB-4473-KHALSA COLLEGE OF ENGINEERING AND TECHNOLOGY,NR2-PB-4473,6/21/2025
IBIS BCBF DRA,JALANDHAR - NR2-PB-4502-DAV INSTITUTE OF ENGINEERING AND TECHNOLOGY,NR2-PB-4502,6/21/2025
IBIS BCBF DRA,JODHPUR - NR2-RJ-4209-SHREE KIRTARAM SHIKSHAN SHANSTHAN,NR2-RJ-4209,6/21/2025
IBIS BCBF DRA,KOLLAM - STH-KL-5895-BISHOP JEROME INSTITUTE KOLLAM,STH-KL-5895,6/21/2025
IBIS BCBF DRA,CHENNAI - STH-TN-5139-PRAGYA TECHNOLOGIES,STH-TN-5139,6/21/2025
BHARAT,RANCHI - EST-JH-1760-SKYNEXT ONLINE SOLUTION,EST-JH-1760,6/22/2025
BHARAT,MUZAFFARPUR - NR1-BR-3237-CAREER DIGITAL ZONE PVT LTD,NR1-BR-3237,6/22/2025
BHARAT,PATNA - NR1-BR-3747-RKR SOLUTIONS ONLINE EXAMINATION CENTRE,NR1-BR-3747,6/22/2025
BHARAT,DELHI - NR2-DL-4047-RAPID ONLINE SOLUTIONS_1,NR2-DL-4047,6/22/2025
BHARAT,DELHI - NR2-DL-4047-RAPID ONLINE SOLUTIONS - 1,NR2-DL-4047,6/22/2025
BHARAT,JAIPUR - NR2-RJ-4561-NSEIT LIMITED - JAIPUR,NR2-RJ-4561,6/22/2025
IBIS CA,DALTONGANJ - EST-JH-1177-APTECH COMPUTER EDUCATION,EST-JH-1177,6/22/2025
IBIS CA,CHANDIGARH - NR2-CH-1489-GSS INTERNATIONAL PUBLIC SCHOOL,NR2-CH-1489,6/22/2025
IBIS CA,HAMIRPUR - NR2-HP-4127-NEW GURUKUL INFOTECH,NR2-HP-4127,6/22/2025
IBIS CA,JAMMU - NR2-JK-4488-DIGITAL COMPUTER EDUCATION,NR2-JK-4488,6/22/2025
IBIS CA,BHATINDA - NR2-PB-4523-SSD GIRLS COLLEGE,NR2-PB-4523,6/22/2025
SHIKHAR ATS,JAMSHEDPUR - EST-JH-1516-NOBEL SPHERE TECHNOLOGIES_1,EST-JH-1516,6/27/2025
SHIKHAR ATS,JAMSHEDPUR - EST-JH-1516-NOBEL SPHERE TECHNOLOGIES_2,EST-JH-1516,6/27/2025
SHIKHAR ATS,JAMSHEDPUR - EST-JH-1516-NOBEL SPHERE TECHNOLOGIES-1,EST-JH-1516,6/27/2025
SHIKHAR ATS,JAMSHEDPUR - EST-JH-1516-NOBEL SPHERE TECHNOLOGIES-2,EST-JH-1516,6/27/2025
SHIKHAR ATS,CUTTACK - EST-OR-1111-KTI FUTURE SOLUTION,EST-OR-1111,6/27/2025
SHIKHAR ATS,WEST DELHI - NR2-DL-4504-MR BHARTI ASSESSMENTS,NR2-DL-4504,6/27/2025
SHIKHAR ATS,THANE - WST-MH-2243-MBC IT PARK THANE,WST-MH-2243,6/27/2025
AICITSS,DELHI - NR2-DL-4504-MR BHARTI ASSESSMENTS,NR2-DL-4504,6/28/2025
AICITSS,GURGAON - NR2-HR-1650-THE TESTHIVE HUB,NR2-HR-1650,6/28/2025
AICITSS,ERNAKULAM - STH-KL-5717-MES AIMAT MARAMPALLY,STH-KL-5717,6/28/2025
AICITSS,CHENNAI - STH-TN-1718-S A COLLEGE OF ARTS AND SCIENCE,STH-TN-1718,6/28/2025
AICITSS,CHENNAI - STH-TN-5139-PRAGYA TECHNOLOGIES,STH-TN-5139,6/28/2025
IBIS CA,DALTONGANJ - EST-JH-1177-APTECH COMPUTER EDUCATION,EST-JH-1177,6/28/2025
IBIS CA,CHANDIGARH - NR2-CH-1489-GSS INTERNATIONAL PUBLIC SCHOOL,NR2-CH-1489,6/28/2025
IBIS CA,JAMMU - NR2-JK-4488-DIGITAL COMPUTER EDUCATION,NR2-JK-4488,6/28/2025
IBIS CA,SAWAI MADHOPUR - NR2-RJ-1731-DEV IT SKILL,NR2-RJ-1731,6/28/2025
IBIS CA,JODHPUR - NR2-RJ-4209-SHREE KIRTARAM SHIKSHAN SANTHAN,NR2-RJ-4209,6/28/2025
MUDRA AICITSS,DELHI - NR2-DL-4504-MR BHARTI ASSESSMENTS,NR2-DL-4504,6/28/2025
MUDRA AICITSS,GURGAON - NR2-HR-1650-THE TESTHIVE HUB,NR2-HR-1650,6/28/2025
MUDRA AICITSS,ERNAKULAM - STH-KL-5717-MES AIMAT MARAMPALLY,STH-KL-5717,6/28/2025
MUDRA AICITSS,CHENNAI - STH-TN-1718-S A COLLEGE OF ARTS AND SCIENCE,STH-TN-1718,6/28/2025
MUDRA AICITSS,CHENNAI - STH-TN-5139-PRAGYA TECHNOLOGIES,STH-TN-5139,6/28/2025
IBIS CA,DALTONGANJ - EST-JH-1177-APTECH COMPUTER EDUCATION,EST-JH-1177,6/29/2025
IBIS CA,HAMIRPUR - NR2-HP-4127-NEW GURUKUL INFOTECH,NR2-HP-4127,6/29/2025
IBIS CA,SIKAR - NR2-RJ-1635-JAN SHIKSHAN SANSTHAN,NR2-RJ-1635,6/29/2025
IBIS CA,SAWAI MADHOPUR - NR2-RJ-1731-DEV IT SKILL,NR2-RJ-1731,6/29/2025
IBIS CA,JODHPUR - NR2-RJ-4209-SHREE KIRTARAM SHIKSHAN SANTHAN,NR2-RJ-4209,6/29/2025
IBIS CA,DALTONGANJ - EST-JH-1177-APTECH COMPUTER EDUCATION,EST-JH-1177,11/30/2025
IBIS CA,CHANDIGARH - NR2-CH-4695-AXIS NETWORKS,NR2-CH-4695,11/30/2025
IBIS CA,NEW DELHI - NR2-DL-1726-VINAYAK DIGITAL ZONE-1,NR2-DL-1726,11/30/2025
IBIS CA,NEW DELHI - NR2-DL-1726-VINAYAK DIGITAL ZONE-2,NR2-DL-1726,11/30/2025
IBIS CA,YAMUNANAGAR - NR2-HR-4620-LORD KRISHNA COLLEGE OF EDUCATION-AMBALA,NR2-HR-4620,11/30/2025
IBIS CA,SIKAR - NR2-RJ-1635-JAN SHIKSHAN SANSTHAN,NR2-RJ-1635,11/30/2025
IBIS CA,SAWAI MADHOPUR - NR2-RJ-1731-DEV IT SKILL,NR2-RJ-1731,11/30/2025
IBIS CA,UDAIPUR - NR2-RJ-4583-SHRI BALAJI COLLEGE OF NURSING,NR2-RJ-4583,11/30/2025
IBIS CA,JODHPUR - NR2-RJ-4661-PRIME DREAM WEB SOLUTION,NR2-RJ-4661,11/30/2025
MUDRA,DELHI NEW DELHI - NR2-DL-4526-NSEIT LIMITED - NEW DELHI,NR2-DL-4526,12/1/2025
MUDRA,CHENNAI - STH-TN-5856-NSEIT LIMITED - CHENNAI,STH-TN-5856,12/1/2025
MUDRA,HYDERABAD - STH-TS-5719-NSEIT LIMITED - HYDERABAD - 1,STH-TS-5719,12/1/2025
MUDRA,MUMBAI - WST-MH-2684-NSEIT LIMITED - MUMBAI,WST-MH-2684,12/1/2025
IBIS CA,DALTONGANJ - EST-JH-1177-APTECH COMPUTER EDUCATION,EST-JH-1177,12/7/2025
IBIS CA,SIKAR - NR2-RJ-1635-JAN SHIKSHAN SANSTHAN,NR2-RJ-1635,12/7/2025
IBIS CA,SAWAI MADHOPUR - NR2-RJ-1731-DEV IT SKILL,NR2-RJ-1731,12/7/2025
IBIS CA,JODHPUR - NR2-RJ-4661-PRIME DREAM WEB SOLUTION,NR2-RJ-4661,12/7/2025
IBIS CA,DALTONGANJ - EST-JH-1177-APTECH COMPUTER EDUCATION,EST-JH-1177,12/13/2025
IBIS CA,BEGUSARAI - NR1-BR-3213-JAY ONLINE SERVICES,NR1-BR-3213,12/13/2025
IBIS CA,RAJOURI - NR2-JK-4353-AL REHBAR INSTITUTE OF IT AND MANAGEMENT,NR2-JK-4353,12/13/2025
IBIS CA,SAWAI MADHOPUR - NR2-RJ-1731-DEV IT SKILL,NR2-RJ-1731,12/13/2025
IBIS CA,UDAIPUR - NR2-RJ-4583-SHRI BALAJI COLLEGE OF NURSING,NR2-RJ-4583,12/13/2025
IBIS CA,JODHPUR - NR2-RJ-4661-PRIME DREAM WEB SOLUTION,NR2-RJ-4661,12/13/2025
IBIS CA,DALTONGANJ - EST-JH-1177-APTECH COMPUTER EDUCATION,EST-JH-1177,12/14/2025
IBIS CA,BEGUSARAI - NR1-BR-3213-JAY ONLINE SERVICES,NR1-BR-3213,12/14/2025
IBIS CA,YAMUNANAGAR - NR2-HR-4620-LORD KRISHNA COLLEGE OF EDUCATION-AMBALA,NR2-HR-4620,12/14/2025
IBIS CA,RAJOURI - NR2-JK-4353-AL REHBAR INSTITUTE OF IT AND MANAGEMENT,NR2-JK-4353,12/14/2025
IBIS CA,AMRITSAR - NR2-PB-4473-KHALSA COLLEGE OF ENGINEERING AND TECHNOLOGY,NR2-PB-4473,12/14/2025
IBIS CA,SAWAI MADHOPUR - NR2-RJ-1731-DEV IT SKILL,NR2-RJ-1731,12/14/2025
IBIS CA,UDAIPUR - NR2-RJ-4583-SHRI BALAJI COLLEGE OF NURSING,NR2-RJ-4583,12/14/2025
IBIS CA,JODHPUR - NR2-RJ-4661-PRIME DREAM WEB SOLUTION,NR2-RJ-4661,12/14/2025
IBIS CA,DALTONGANJ - EST-JH-1177-APTECH COMPUTER EDUCATION,EST-JH-1177,12/21/2025
IBIS CA,YAMUNANAGAR - NR2-HR-4620-LORD KRISHNA COLLEGE OF EDUCATION-AMBALA,NR2-HR-4620,12/21/2025
IBIS CA,AMRITSAR - NR2-PB-4473-KHALSA COLLEGE OF ENGINEERING AND TECHNOLOGY,NR2-PB-4473,12/21/2025
IBIS CA,SAWAI MADHOPUR - NR2-RJ-1731-DEV IT SKILL,NR2-RJ-1731,12/21/2025
IBIS CA,JODHPUR - NR2-RJ-4661-PRIME DREAM WEB SOLUTION,NR2-RJ-4661,12/21/2025
IBIS BCBF DRA,PATNA - NR1-BR-3026-ROYAL SOLUTIONS ONLINE EXAMINATION CENTRE,NR1-BR-3026,1/3/2026
IBIS BCBF DRA,MUZAFFARPUR - NR1-BR-3237-CAREER DIGITAL ZONE PVT LTD,NR1-BR-3237,1/3/2026
IBIS BCBF DRA,LUCKNOW - NR1-UP-3150-MANAVTA MODEL PUBLIC INTER COLLEGE,NR1-UP-3150,1/3/2026
IBIS BCBF DRA,NEW DELHI - NR2-DL-4510-SHIKSHA BHARATI COLLEGE DWARKA - NEW DELHI,NR2-DL-4510,1/3/2026
IBIS BCBF DRA,CHENNAI - STH-TN-5139-PRAGYA TECHNOLOGIES,STH-TN-5139,1/3/2026
IBIS BCBF DRA,HYDERABAD - STH-TS-5996-RD TECHNOLOGIES AND SOLUTIONS,STH-TS-5996,1/3/2026
IBIS BCBF DRA,BILASPUR CHH - WST-CG-2009-PREEYEM INFOTECH - ABHIYAN ACADEMY,WST-CG-2009,1/3/2026
IBIS BCBF DRA,RAIPUR - WST-CG-2026-TECHSOLVE DESIGNING AND GRAFIX SOLUTION,WST-CG-2026,1/3/2026
IBIS BCBF DRA,PUNE - WST-MH-2235-VISHWAKARMA COLLEGE OF ARTS COMMERCE AND SCIENCE - VIIT,WST-MH-2235,1/3/2026
IBIS BCBF DRA,MUMBAI - WST-MH-2634-SHAILENDRA EDUCATION SOCIETY - SESCOM IT COLLEGE,WST-MH-2634,1/3/2026
IBIS DIP,BENGALURU - STH-KA-5817-DEXIT GLOBAL LIMITED - BANGALORE,STH-KA-5817,1/4/2026
MUDRA AICITSS,GUWAHATI - EST-AS-1420-DEXIT GLOBAL LIMITED - GUWAHATI,EST-AS-1420,1/8/2026
MUDRA AICITSS,DELHI - NR2-DL-4047-RAPID ONLINE SOLUTIONS,NR2-DL-4047,1/8/2026
MUDRA AICITSS,CHENNAI - STH-TN-6062-PRAGYA D2K TECHNOLOGIES,STH-TN-6062,1/8/2026
MUDRA AICITSS,AURANGABAD - WST-MH-2199-BYTEZS INFOTECH,WST-MH-2199,1/8/2026
MUDRA AICITSS,PUNE - WST-MH-2235-VISHWAKARMA COLLEGE OF ARTS COMMERCE AND SCIENCE - VIIT,WST-MH-2235,1/8/2026
IBIS DIP,KANPUR - NR1-UP-3562-DEXIT GLOBAL LIMITED - KANPUR,NR1-UP-3562,1/11/2026
IBIS DIP,JODHPUR - NR2-RJ-4565-DEXIT GLOBAL LIMITED - JODHPUR,NR2-RJ-4565,1/11/2026
IBIS DIP,TIRUPATI - STH-AP-5758-DEXIT GLOBAL LIMITED - TIRUPATHI,STH-AP-5758,1/11/2026
IBIS DIP,COIMBATORE - STH-TN-1670-DEXIT GLOBAL LIMITED - COIMBATORE,STH-TN-1670,1/11/2026
IBIS DIP,CHENNAI - STH-TN-5856-DEXIT GLOBAL LIMITED - CHENNAI,STH-TN-5856,1/11/2026
IBIS DIP,WARANGAL HASANPARTHY - STH-TS-5717-DEXIT GLOBAL LIMITED - WARANGAL,STH-TS-5717,1/11/2026
IBIS DIP,MUMBAI - WST-MH-2684-DEXIT GLOBAL LIMITED - MUMBAI-ANDHERI,WST-MH-2684,1/11/2026
IBIS DIP,PUNE - WST-MH-2685-DEXIT GLOBAL LIMITED - PUNE,WST-MH-2685,1/11/2026
IBIS DIP,AURANGABAD - WST-MH-2688-DEXIT GLOBAL LIMITED - AURANGABAD,WST-MH-2688,1/11/2026
IBIS DIP,NAVI MUMBAI - WST-MH-2690-DEXIT GLOBAL LIMITED - NAVI MUMBAI,WST-MH-2690,1/11/2026
LAKSHYA,HYDERABAD - STH-TS-5760-CMR TECHNICAL CAMPUS-2,STH-TS-5760,1/11/2026
LAKSHYA,HYDERABAD - STH-TS-6068-CMR ENGINEERING COLLEGE-2,STH-TS-6068,1/11/2026
IBIS DIP,DHANBAD - EST-JH-1393-DEXIT GLOBAL LIMITED - DHANBAD,EST-JH-1393,1/18/2026
IBIS DIP,MEERUT - NR1-UP-3552-DEXIT GLOBAL LIMITED - MEERUT,NR1-UP-3552,1/18/2026
IBIS DIP,MORADABAD - NR1-UP-3557-DEXIT GLOBAL LIMITED - MORADABAD,NR1-UP-3557,1/18/2026
IBIS DIP,KANPUR - NR1-UP-3562-DEXIT GLOBAL LIMITED - KANPUR,NR1-UP-3562,1/18/2026
IBIS DIP,NEW DELHI - NR2-DL-4526-DEXIT GLOBAL LIMITED - NEW DELHI,NR2-DL-4526,1/18/2026
IBIS DIP,CHANDIGARH - NR2-PB-4514-DEXIT GLOBAL LIMITED - CHANDIGARH,NR2-PB-4514,1/18/2026
IBIS DIP,VISAKHAPATNAM - STH-AP-5751-DEXIT GLOBAL LIMITED - VIZAG,STH-AP-5751,1/18/2026
IBIS DIP,RAJAHMUNDRY - STH-AP-5752-DEXIT GLOBAL LIMITED - RAJAHMUNDRY,STH-AP-5752,1/18/2026
IBIS DIP,KURNOOL - STH-AP-5760-DEXIT GLOBAL LIMITED - KURNOOL,STH-AP-5760,1/18/2026
IBIS DIP,GWALIOR - WST-MP-2596-DEXIT GLOBAL LIMITED - GWALIOR,WST-MP-2596,1/18/2026
TANGO EX-SERVICEMEN'S WELFARE,TIRUNELVELI - STH-TN-5854-EP INFOTECH,STH-TN-5854,1/21/2026
CROWN,BENGALURU - STH-KA-5036-REVEREND TECHNOLOGIES PVT LTD,STH-KA-5036,1/25/2026
CROWN,BENGALURU - STH-KA-5754-MILESTONE TECHNOLOGIES,STH-KA-5754,1/25/2026
CROWN,MANGALORE - STH-KA-5805-DEXIT GLOBAL LIMITED - MANGALORE,STH-KA-5805,1/25/2026
CROWN,MYSORE - STH-KA-5902-SAHAR SKILL DEVELOPMENT CENTRE,STH-KA-5902,1/25/2026
CROWN,MUMBAI - WST-MH-2684-DEXIT GLOBAL LIMITED - MUMBAI ANDHERI,WST-MH-2684,1/25/2026
TANGO ASSISTANT SURGEON(GENERAL),COIMBATORE - STH-TN-1610-DR. N.G.P ARTS AND SCIENCE COLLEGE - AUTONOMOUS - 1,STH-TN-1610,1/25/2026
TANGO ASSISTANT SURGEON(GENERAL),TIRUVALLUR - STH-TN-1718-S.A. COLLEGE OF ARTS AND SCIENCE,STH-TN-1718,1/25/2026
TANGO ASSISTANT SURGEON(GENERAL),TIRUVALLUR - STH-TN-5142-S.A ENGINEERING COLLEGE - 2,STH-TN-5142,1/25/2026
TANGO ASSISTANT SURGEON(GENERAL),COIMBATORE - STH-TN-5154-KARUNYA INSTITUTE OF TECHNOLOGY AND SCIENCES - 1,STH-TN-5154,1/25/2026
TANGO ASSISTANT SURGEON(GENERAL),SALEM - STH-TN-5238-SRI SESHAAS INTERNATIONAL SCHOOL,STH-TN-5238,1/25/2026
TANGO ASSISTANT SURGEON(GENERAL),TIRUNELVELI - STH-TN-5281-ANNA UNIVERSITY REGIONAL CAMPUS - TIRUNELVELI,STH-TN-5281,1/25/2026
TANGO ASSISTANT SURGEON(GENERAL),ERODE - STH-TN-5712-SHREE VENKATESHWARA HI-TECH ENGINEERING COLLEGE,STH-TN-5712,1/25/2026
TANGO ASSISTANT SURGEON(GENERAL),CHENNAI - STH-TN-6062-PRAGYA D2K TECHNOLOGIES - 1,STH-TN-6062,1/25/2026
TANGO ASSISTANT SURGEON(GENERAL),COIMBATORE - STH-TN-6069-UNIQUE TECHNOLOGIES AND CONSULTANCY PVT LTD,STH-TN-6069,1/25/2026
TANGO ASSISTANT SURGEON(GENERAL),COIMBATORE - STH-TN-6078-KOVAI KALAIMAGAL COLLEGE OF ARTS AND SCIENCE,STH-TN-6078,1/25/2026
TANGO HEAL-ASSQ,TIRUVALLUR - STH-TN-1718-S.A. COLLEGE OF ARTS AND SCIENCE,STH-TN-1718,1/25/2026
TANGO HEAL-ASSQ,CHENNAI - STH-TN-5139-PRAGYA TECHNOLOGIES - 1,STH-TN-5139,1/25/2026
TANGO HEAL-ASSQ,CHENNAI - STH-TN-5139-PRAGYA TECHNOLOGIES - 2,STH-TN-5139,1/25/2026
TANGO HEAL-ASSQ,CHENNAI - STH-TN-6062-PRAGYA D2K TECHNOLOGIES - 1,STH-TN-6062,1/25/2026
TANGO HEAL-ASSQ,CHENNAI - STH-TN-6062-PRAGYA D2K TECHNOLOGIES - 2,STH-TN-6062,1/25/2026
TANGO HEAL-SQE,CHENNAI - STH-TN-6062-PRAGYA D2K TECHNOLOGIES,STH-TN-6062,1/31/2026
#N/A,-,NR2-PB-4692,-
IBIS BCBF DRA,JAIPUR - NR2-RJ-4505-RS MEMORIAL INSTITUTE OF TECHNOLOGY - B BLOCK,NR2-RJ-4505,2/7/2026
MUDRA AICITSS,DELHI - NR2-DL-4033-GURU HARGOBIND INSTITUTE OF MANAGEMENT AND INFORMATION TECHNOLOGY,NR2-DL-4033,2/8/2026
CROWN,BENGALURU - STH-KA-5335-DATASCRIBE CONSULTANCY SERVICES,STH-KA-5335,2/15/2026
SHIKHAR ATS,DELHI - NR2-DL-4033-GURU HARGOBIND INSTITUTE OF MANAGEMENT AND INFORMATION TECHNOLOGY,NR2-DL-4033,2/26/2026
BHARAT,DELHI - NR2-DL-4510-SHIKSHA BHARATI COLLEGE - DWARKA - NEW DELHI,NR2-DL-4510,2/15/2026
Tango SPOTY,CHENNAI - STH-TN-5139-PRAGYA TECHNOLOGIES,STH-TN-5139,2/4/2026
SHIKHAR CITS,HISAR - NR2-HR-4745-SARASWATI COLLEGE OF EDUCATION AND SKILL CENTRE,NR2-HR-4745,2/14/2026
Mudra ISAAT,VISAKHAPATNAM - STH-AP-6057-NARASIMHA INFOTECH,STH-AP-6057,2/7/2026
IBIS BCBF DRA,MUMBAI - WST-MH-2634-SHAILENDRA EDUCATION SOCIETY - SESCOM IT COLLEGE,WST-MH-2634,2/7/2026
MUDRA AICITSS,KANPUR - NR1-UP-3787-ALLENHOUSE INSTITUTE OF TECHNOLOGY,NR1-UP-3787,2/8/2026
CROWN,BENGALURU - STH-KA-5817-DEXIT GLOBAL LIMITED - BENGALURU,STH-KA-5817,2/15/2026
SHIKHAR ATS,CUTTACK - EST-OR-1100-SRI GURU ITI,EST-OR-1100,2/26/2026
BHARAT,PUNE - WST-MH-2710-BHARATI VIDYAPEETH DEEMED TO BE UNIVERSITY INST OF MGNT AND ENTREP DEV,WST-MH-2710,2/15/2026
SHIKHAR CITS,FAZILKA - NR2-PB-4367-GOVERMENT INDUSTRIAL TRAINING INSTITUTE JALALABAD-TBX,NR2-PB-4367,2/14/2026
Mudra ISAAT,COIMBATORE - STH-TN-1610-DR NGP ARTS AND SCIENCE COLLEGE-AUTONOMOUS,STH-TN-1610,2/7/2026
IBIS BCBF DRA,NEW DELHI - NR2-DL-4033-GURU HARGOBIND INSTITUTE OF MANAGEMENT AND INFORMATION TECHNOLOGY,NR2-DL-4033,2/7/2026
MUDRA AICITSS,ERNAKULAM - STH-KL-5064-RAJAGIRI SCHOOL OF ENGINEERING AND TECHNOLOGY,STH-KL-5064,2/8/2026
CROWN,BELGAUM - STH-KA-5804-DEXIT GLOBAL LIMITED - BELGAUM,STH-KA-5804,2/15/2026
SHIKHAR ATS,NAGPUR - WST-MH-2734-SHRI SAI COLLEGE,WST-MH-2734,2/26/2026
BHARAT,JAMSHEDPUR - EST-JH-1046-NATIONAL INSTITUTE OF EXCELLENCE,EST-JH-1046,2/15/2026
SHIKHAR CITS,BATHINDA - NR2-PB-4763-DIFFERENT CONVENT SCHOOL,NR2-PB-4763,2/14/2026
Mudra ISAAT,BENGALURU - STH-KA-6016-FOUR TUNE TECH SOLUTIONS,STH-KA-6016,2/7/2026
IBIS BCBF DRA,MUZAFFARPUR - NR1-BR-3237-CAREER DIGITAL ZONE PVT LTD,NR1-BR-3237,2/7/2026
MUDRA AICITSS,CHENNAI - STH-TN-1718-S A COLLEGE OF ARTS AND SCIENCE,STH-TN-1718,2/8/2026
CROWN,BHUBANESWAR - EST-OR-1466-DEXIT GLOBAL LIMITED - BHUBANESHWAR,EST-OR-1466,2/15/2026
SHIKHAR ATS,CHENNAI - STH-TN-1731-UNILEAN TESTING CENTRE PVT LTD-UTC,STH-TN-1731,2/26/2026
BHARAT,BILASPUR - WST-CG-2545-DEXIT GLOBAL LIMITED - BILASPUR,WST-CG-2545,2/15/2026
SHIKHAR CITS,GANGANAGAR - NR2-RJ-4231-SURENDERA GROUP OF INSTITUTION,NR2-RJ-4231,2/14/2026
Mudra ISAAT,JAIPUR - NR2-RJ-4494-MAHATMA GANDHI COLLEGE OF PHARMACEUTICAL SCIENCES,NR2-RJ-4494,2/7/2026
IBIS BCBF DRA,BILASPUR CHH - WST-CG-2009-PREEYEM INFOTECH - ABHIYAN ACADEMY,WST-CG-2009,2/7/2026
MUDRA AICITSS,BENGALURU - STH-KA-5759-SRI VENKATESHWARA COLLEGE OF ENGINEERING - 1,STH-KA-5759,2/8/2026
CROWN,MUMBAI - WST-MH-2684-DEXIT GLOBAL LIMITED - MUMBAI ANDHERI,WST-MH-2684,2/15/2026
SHIKHAR ATS,JAMSHEDPUR - EST-JH-1045-INSTITUTE FOR EDUCATION,EST-JH-1045,2/26/2026
BHARAT,NAVI MUMBAI - WST-MH-2664-BHARATI VIDYAPEETH DEEMED TO BE UNIVERSITY DEPT OF ENGG AND TECH,WST-MH-2664,2/15/2026
SHIKHAR CITS,JODHPUR - NR2-RJ-4709-ADHYA INFOTECH,NR2-RJ-4709,2/14/2026
Mudra ISAAT,LUCKNOW - NR1-UP-3150-MANAVTA MODEL PUBLIC INTER COLLEGE,NR1-UP-3150,2/7/2026
IBIS BCBF DRA,RAIPUR - WST-CG-2026-TECHSOLVE DESIGNING AND GRAFIX SOLUTION,WST-CG-2026,2/7/2026
MUDRA AICITSS,KOLKATA - EST-WB-1782-TECHNOFIX ONLINE EXAMINATION CENTER,EST-WB-1782,2/8/2026
Mudra ISAAT,BELGAUM - STH-KA-6012-INFOJIVA IT SERVICES LLP,STH-KA-6012,2/7/2026
IBIS BCBF DRA,SRINAGAR - NR2-JK-4482-AL AMEEN CHINAR VALLEY SENIOR SECONDARY SCHOOL,NR2-JK-4482,2/7/2026
MUDRA AICITSS,COIMBATORE - STH-TN-6078-KOVAI KALAIMAGAL COLLEGE OF ARTS AND SCIENCE,STH-TN-6078,2/8/2026
IBIS BCBF DRA,MUMBAI - WST-MH-1734-INFOSPARK K B PATIL INTERNATIONAL SCHOOL AND JR COLLEGE,WST-MH-1734,2/7/2026
IBIS BCBF DRA,KOLKATA - EST-WB-1782-TECHNOFIX ONLINE EXAMINATION CENTER,EST-WB-1782,2/7/2026
IBIS BCBF DRA,NAVI MUMBAI - WST-MH-2635-FR CONCEICAO RODRIGUES INSTITUTE OF TECHNOLOGY,WST-MH-2635,2/7/2026
